iter,run_name,symbol,preset,base_ckpt,base_run_name,steps_collected,train_ep_mean_return,train_ep_mean_steps,loss_total,loss_pi,loss_v,entropy,approx_kl,clip_frac,grad_norm,val_mean_is_bps,val_mean_completion,val_mean_return,val_n_trials,val_episodes_per_trial,time_sec,best_val_is_bps,bad_iters,lr,clip_eps,vf_coef,ent_coef,max_grad_norm,gamma,lam,chunk_len,batch_size_chunks,ppo_epochs,target_kl,seed,val_seed,rollout_trials,episodes_per_trial,horizon_steps,side,target_qty,max_child_qty,pov_cap,taker_fee_rate
1,RL2_DOGE_DOGE_S2B1_lr0.0003_clip0.2_ent0.01_ep4_bs16_cl32_gamma0.999_lam0.95_seed1_H4320_Q3e+06_pov0.1_fee0_trial4_rt64,DOGE,DOGE_PPO_1,checkpoints/DOGE/DOGE_S2B1_lr0.0003_clip0.2_ent0.01_ep4_bs16_cl32_gamma0.999_lam0.95_seed1_H4320_Q3e+06_pov0.1_fee0/best.weights.h5,DOGE_S2B1_lr0.0003_clip0.2_ent0.01_ep4_bs16_cl32_gamma0.999_lam0.95_seed1_H4320_Q3e+06_pov0.1_fee0,1105920,-1.552331522337283e-09,4320.0,-0.009066994431109547,0.00017212542584780344,1.580773079228737e-05,0.9247023943466721,0.0014408383875922515,0.010279224537037036,0.11022237475090488,0.13427226384483168,0.00020832547362566658,-2.9543785666602694e-09,50,4,903.2478849887848,0.13427226384483168,0,0.0003,0.2,0.5,0.01,0.5,0.999,0.95,32,16,4,0.02,1,999,64,4,4320,buy,3000000.0,3500.0,0.1,0.0
2,RL2_DOGE_DOGE_S2B1_lr0.0003_clip0.2_ent0.01_ep4_bs16_cl32_gamma0.999_lam0.95_seed1_H4320_Q3e+06_pov0.1_fee0_trial4_rt64,DOGE,DOGE_PPO_1,checkpoints/DOGE/DOGE_S2B1_lr0.0003_clip0.2_ent0.01_ep4_bs16_cl32_gamma0.999_lam0.95_seed1_H4320_Q3e+06_pov0.1_fee0/best.weights.h5,DOGE_S2B1_lr0.0003_clip0.2_ent0.01_ep4_bs16_cl32_gamma0.999_lam0.95_seed1_H4320_Q3e+06_pov0.1_fee0,1105920,-1.505502975362639e-09,4320.0,-0.009237131038335738,0.00013932056863942072,7.757304336664106e-06,0.9380330484981338,0.0010211098855102642,0.00594482421875,0.1005689038740928,0.13165907053144027,0.00020786605921749995,-2.889004355579682e-09,50,4,907.2130312919617,0.13165907053144027,0,0.0003,0.2,0.5,0.01,0.5,0.999,0.95,32,16,4,0.02,1,999,64,4,4320,buy,3000000.0,3500.0,0.1,0.0
3,RL2_DOGE_DOGE_S2B1_lr0.0003_clip0.2_ent0.01_ep4_bs16_cl32_gamma0.999_lam0.95_seed1_H4320_Q3e+06_pov0.1_fee0_trial4_rt64,DOGE,DOGE_PPO_1,checkpoints/DOGE/DOGE_S2B1_lr0.0003_clip0.2_ent0.01_ep4_bs16_cl32_gamma0.999_lam0.95_seed1_H4320_Q3e+06_pov0.1_fee0/best.weights.h5,DOGE_S2B1_lr0.0003_clip0.2_ent0.01_ep4_bs16_cl32_gamma0.999_lam0.95_seed1_H4320_Q3e+06_pov0.1_fee0,1105920,-1.6366067179795628e-09,4320.0,-0.009454315247475515,5.348608296858233e-05,5.802571529117879e-06,0.9510702842501578,0.0009844784434082814,0.005424669053819445,0.09891584997897519,0.1362703849374686,0.00021558150695016661,-3.095534978464858e-09,50,4,909.4682323932648,0.13165907053144027,1,0.0003,0.2,0.5,0.01,0.5,0.999,0.95,32,16,4,0.02,1,999,64,4,4320,buy,3000000.0,3500.0,0.1,0.0
4,RL2_DOGE_DOGE_S2B1_lr0.0003_clip0.2_ent0.01_ep4_bs16_cl32_gamma0.999_lam0.95_seed1_H4320_Q3e+06_pov0.1_fee0_trial4_rt64,DOGE,DOGE_PPO_1,checkpoints/DOGE/DOGE_S2B1_lr0.0003_clip0.2_ent0.01_ep4_bs16_cl32_gamma0.999_lam0.95_seed1_H4320_Q3e+06_pov0.1_fee0/best.weights.h5,DOGE_S2B1_lr0.0003_clip0.2_ent0.01_ep4_bs16_cl32_gamma0.999_lam0.95_seed1_H4320_Q3e+06_pov0.1_fee0,1105920,-1.6808811614497315e-09,4320.0,-0.009642522544082668,5.155350116654989e-05,4.788540346197842e-06,0.9696470539533981,0.0008864414763525861,0.005488868995949074,0.10071236828457418,0.1297948991602422,0.00020808621405466666,-2.847965476928991e-09,50,4,909.7733180522919,0.1297948991602422,0,0.0003,0.2,0.5,0.01,0.5,0.999,0.95,32,16,4,0.02,1,999,64,4,4320,buy,3000000.0,3500.0,0.1,0.0
5,RL2_DOGE_DOGE_S2B1_lr0.0003_clip0.2_ent0.01_ep4_bs16_cl32_gamma0.999_lam0.95_seed1_H4320_Q3e+06_pov0.1_fee0_trial4_rt64,DOGE,DOGE_PPO_1,checkpoints/DOGE/DOGE_S2B1_lr0.0003_clip0.2_ent0.01_ep4_bs16_cl32_gamma0.999_lam0.95_seed1_H4320_Q3e+06_pov0.1_fee0/best.weights.h5,DOGE_S2B1_lr0.0003_clip0.2_ent0.01_ep4_bs16_cl32_gamma0.999_lam0.95_seed1_H4320_Q3e+06_pov0.1_fee0,1105920,-1.5560512740409674e-09,4320.0,-0.009724165617026975,5.256023003447033e-05,4.23426255824395e-06,0.9778843199972201,0.000912761800443857,0.00404075339988426,0.09762418416374001,0.14100154226004938,0.0002157258644468333,-3.185214290970058e-09,50,4,908.2132947444916,0.1297948991602422,1,0.0003,0.2,0.5,0.01,0.5,0.999,0.95,32,16,4,0.02,1,999,64,4,4320,buy,3000000.0,3500.0,0.1,0.0
6,RL2_DOGE_DOGE_S2B1_lr0.0003_clip0.2_ent0.01_ep4_bs16_cl32_gamma0.999_lam0.95_seed1_H4320_Q3e+06_pov0.1_fee0_trial4_rt64,DOGE,DOGE_PPO_1,checkpoints/DOGE/DOGE_S2B1_lr0.0003_clip0.2_ent0.01_ep4_bs16_cl32_gamma0.999_lam0.95_seed1_H4320_Q3e+06_pov0.1_fee0/best.weights.h5,DOGE_S2B1_lr0.0003_clip0.2_ent0.01_ep4_bs16_cl32_gamma0.999_lam0.95_seed1_H4320_Q3e+06_pov0.1_fee0,1105920,-1.61546058963846e-09,4320.0,-0.009881459977434672,5.1328228026384884e-05,4.02217772177909e-06,0.99347995231273,0.0007557474308904839,0.003842502170138889,0.10325943237031525,0.12904791247468425,0.00020583263326099993,-2.8114349899726796e-09,50,4,898.8218922615051,0.12904791247468425,0,0.0003,0.2,0.5,0.01,0.5,0.999,0.95,32,16,4,0.02,1,999,64,4,4320,buy,3000000.0,3500.0,0.1,0.0
7,RL2_DOGE_DOGE_S2B1_lr0.0003_clip0.2_ent0.01_ep4_bs16_cl32_gamma0.999_lam0.95_seed1_H4320_Q3e+06_pov0.1_fee0_trial4_rt64,DOGE,DOGE_PPO_1,checkpoints/DOGE/DOGE_S2B1_lr0.0003_clip0.2_ent0.01_ep4_bs16_cl32_gamma0.999_lam0.95_seed1_H4320_Q3e+06_pov0.1_fee0/best.weights.h5,DOGE_S2B1_lr0.0003_clip0.2_ent0.01_ep4_bs16_cl32_gamma0.999_lam0.95_seed1_H4320_Q3e+06_pov0.1_fee0,1105920,-1.6128235511696707e-09,4320.0,-0.010030990562248647,5.931488174408312e-05,3.6144028422208304e-06,1.0092112866471763,0.0007680732398714301,0.004015661168981482,0.10282659336452424,0.12921486227502918,0.00020494107633633324,-2.792104463616671e-09,50,4,906.7025170326233,0.12904791247468425,1,0.0003,0.2,0.5,0.01,0.5,0.999,0.95,32,16,4,0.02,1,999,64,4,4320,buy,3000000.0,3500.0,0.1,0.0
8,RL2_DOGE_DOGE_S2B1_lr0.0003_clip0.2_ent0.01_ep4_bs16_cl32_gamma0.999_lam0.95_seed1_H4320_Q3e+06_pov0.1_fee0_trial4_rt64,DOGE,DOGE_PPO_1,checkpoints/DOGE/DOGE_S2B1_lr0.0003_clip0.2_ent0.01_ep4_bs16_cl32_gamma0.999_lam0.95_seed1_H4320_Q3e+06_pov0.1_fee0/best.weights.h5,DOGE_S2B1_lr0.0003_clip0.2_ent0.01_ep4_bs16_cl32_gamma0.999_lam0.95_seed1_H4320_Q3e+06_pov0.1_fee0,1105920,-1.513127322751985e-09,4320.0,-0.010138607300285474,4.718351088673377e-05,3.2154065485389003e-06,1.0187398728673105,0.0007227097006425201,0.003930890118634259,0.0985770872588209,0.1371554815890857,0.00021691201323649996,-3.1382873164314324e-09,50,4,908.4408390522003,0.12904791247468425,2,0.0003,0.2,0.5,0.01,0.5,0.999,0.95,32,16,4,0.02,1,999,64,4,4320,buy,3000000.0,3500.0,0.1,0.0
9,RL2_DOGE_DOGE_S2B1_lr0.0003_clip0.2_ent0.01_ep4_bs16_cl32_gamma0.999_lam0.95_seed1_H4320_Q3e+06_pov0.1_fee0_trial4_rt64,DOGE,DOGE_PPO_1,checkpoints/DOGE/DOGE_S2B1_lr0.0003_clip0.2_ent0.01_ep4_bs16_cl32_gamma0.999_lam0.95_seed1_H4320_Q3e+06_pov0.1_fee0/best.weights.h5,DOGE_S2B1_lr0.0003_clip0.2_ent0.01_ep4_bs16_cl32_gamma0.999_lam0.95_seed1_H4320_Q3e+06_pov0.1_fee0,1105920,-1.5493811490840501e-09,4320.0,-0.010254774687982044,4.0194308072656254e-05,3.1376850352511284e-06,1.0296538063497456,0.0007351188236498274,0.003414351851851852,0.09883605709549523,0.13261033576032624,0.0002080030575218332,-2.9041457370862937e-09,50,4,910.9100260734558,0.12904791247468425,3,0.0003,0.2,0.5,0.01,0.5,0.999,0.95,32,16,4,0.02,1,999,64,4,4320,buy,3000000.0,3500.0,0.1,0.0
10,RL2_DOGE_DOGE_S2B1_lr0.0003_clip0.2_ent0.01_ep4_bs16_cl32_gamma0.999_lam0.95_seed1_H4320_Q3e+06_pov0.1_fee0_trial4_rt64,DOGE,DOGE_PPO_1,checkpoints/DOGE/DOGE_S2B1_lr0.0003_clip0.2_ent0.01_ep4_bs16_cl32_gamma0.999_lam0.95_seed1_H4320_Q3e+06_pov0.1_fee0/best.weights.h5,DOGE_S2B1_lr0.0003_clip0.2_ent0.01_ep4_bs16_cl32_gamma0.999_lam0.95_seed1_H4320_Q3e+06_pov0.1_fee0,1105920,-1.5207368130825331e-09,4320.0,-0.01049162407089844,1.5821482109593624e-05,2.765641960911225e-06,1.050882859169333,0.0007961559642690527,0.004875804759837963,0.09847750777079016,0.13920826028554045,0.0002163939502869999,-3.169507973317105e-09,50,4,909.6188700199127,0.12904791247468425,4,0.0003,0.2,0.5,0.01,0.5,0.999,0.95,32,16,4,0.02,1,999,64,4,4320,buy,3000000.0,3500.0,0.1,0.0
11,RL2_DOGE_DOGE_S2B1_lr0.0003_clip0.2_ent0.01_ep4_bs16_cl32_gamma0.999_lam0.95_seed1_H4320_Q3e+06_pov0.1_fee0_trial4_rt64,DOGE,DOGE_PPO_1,checkpoints/DOGE/DOGE_S2B1_lr0.0003_clip0.2_ent0.01_ep4_bs16_cl32_gamma0.999_lam0.95_seed1_H4320_Q3e+06_pov0.1_fee0/best.weights.h5,DOGE_S2B1_lr0.0003_clip0.2_ent0.01_ep4_bs16_cl32_gamma0.999_lam0.95_seed1_H4320_Q3e+06_pov0.1_fee0,1105920,-1.658220614429855e-09,4320.0,-0.010629525307039903,3.698071546683355e-05,2.3062489563572427e-06,1.0667659373746978,0.0007249732643416523,0.0035972312644675926,0.10239295861522098,0.13506681419832034,0.0002079852115591666,-2.940139095813346e-09,50,4,913.7647969722748,0.12904791247468425,5,0.0003,0.2,0.5,0.01,0.5,0.999,0.95,32,16,4,0.02,1,999,64,4,4320,buy,3000000.0,3500.0,0.1,0.0
12,RL2_DOGE_DOGE_S2B1_lr0.0003_clip0.2_ent0.01_ep4_bs16_cl32_gamma0.999_lam0.95_seed1_H4320_Q3e+06_pov0.1_fee0_trial4_rt64,DOGE,DOGE_PPO_1,checkpoints/DOGE/DOGE_S2B1_lr0.0003_clip0.2_ent0.01_ep4_bs16_cl32_gamma0.999_lam0.95_seed1_H4320_Q3e+06_pov0.1_fee0/best.weights.h5,DOGE_S2B1_lr0.0003_clip0.2_ent0.01_ep4_bs16_cl32_gamma0.999_lam0.95_seed1_H4320_Q3e+06_pov0.1_fee0,1105920,-1.5330653962996135e-09,4320.0,-0.010840905196447339,4.112519893371629e-05,2.051440202783723e-06,1.0883056369644624,0.000706950183222135,0.0036465115017361113,0.09784841571818106,0.13234378938960364,0.00021403547881966657,-2.9965394069895073e-09,50,4,910.3239040374756,0.12904791247468425,6,0.0003,0.2,0.5,0.01,0.5,0.999,0.95,32,16,4,0.02,1,999,64,4,4320,buy,3000000.0,3500.0,0.1,0.0
13,RL2_DOGE_DOGE_S2B1_lr0.0003_clip0.2_ent0.01_ep4_bs16_cl32_gamma0.999_lam0.95_seed1_H4320_Q3e+06_pov0.1_fee0_trial4_rt64,DOGE,DOGE_PPO_1,checkpoints/DOGE/DOGE_S2B1_lr0.0003_clip0.2_ent0.01_ep4_bs16_cl32_gamma0.999_lam0.95_seed1_H4320_Q3e+06_pov0.1_fee0/best.weights.h5,DOGE_S2B1_lr0.0003_clip0.2_ent0.01_ep4_bs16_cl32_gamma0.999_lam0.95_seed1_H4320_Q3e+06_pov0.1_fee0,1105920,-1.559263722671665e-09,4320.0,-0.01109782318019791,-4.226820120594413e-05,1.8209651003076032e-06,1.1056465717791408,0.0007724830927111692,0.004964192708333333,0.09767373474789094,0.1375989407423302,0.0002184036683856666,-3.1497919018215364e-09,50,4,911.7889490127563,0.12904791247468425,7,0.0003,0.2,0.5,0.01,0.5,0.999,0.95,32,16,4,0.02,1,999,64,4,4320,buy,3000000.0,3500.0,0.1,0.0
14,RL2_DOGE_DOGE_S2B1_lr0.0003_clip0.2_ent0.01_ep4_bs16_cl32_gamma0.999_lam0.95_seed1_H4320_Q3e+06_pov0.1_fee0_trial4_rt64,DOGE,DOGE_PPO_1,checkpoints/DOGE/DOGE_S2B1_lr0.0003_clip0.2_ent0.01_ep4_bs16_cl32_gamma0.999_lam0.95_seed1_H4320_Q3e+06_pov0.1_fee0/best.weights.h5,DOGE_S2B1_lr0.0003_clip0.2_ent0.01_ep4_bs16_cl32_gamma0.999_lam0.95_seed1_H4320_Q3e+06_pov0.1_fee0,1105920,-1.64774041338943e-09,4320.0,-0.011126431290769553,2.467178492224775e-05,1.832353408411554e-06,1.115201951439182,0.0008027116580234617,0.004312472873263889,0.09943188473493879,0.135749890087868,0.00021761261615216662,-3.112608147760317e-09,50,4,911.9668519496918,0.12904791247468425,8,0.0003,0.2,0.5,0.01,0.5,0.999,0.95,32,16,4,0.02,1,999,64,4,4320,buy,3000000.0,3500.0,0.1,0.0
15,RL2_DOGE_DOGE_S2B1_lr0.0003_clip0.2_ent0.01_ep4_bs16_cl32_gamma0.999_lam0.95_seed1_H4320_Q3e+06_pov0.1_fee0_trial4_rt64,DOGE,DOGE_PPO_1,checkpoints/DOGE/DOGE_S2B1_lr0.0003_clip0.2_ent0.01_ep4_bs16_cl32_gamma0.999_lam0.95_seed1_H4320_Q3e+06_pov0.1_fee0/best.weights.h5,DOGE_S2B1_lr0.0003_clip0.2_ent0.01_ep4_bs16_cl32_gamma0.999_lam0.95_seed1_H4320_Q3e+06_pov0.1_fee0,1105920,-1.544887702104521e-09,4320.0,-0.011299974896030983,4.606674075249531e-06,1.8836753896985432e-06,1.130552367038197,0.000761729834482173,0.00407420970775463,0.0995949758186557,0.13482846849163496,0.00020881967638849988,-2.9562341533836815e-09,50,4,910.5597403049469,0.12904791247468425,9,0.0003,0.2,0.5,0.01,0.5,0.999,0.95,32,16,4,0.02,1,999,64,4,4320,buy,3000000.0,3500.0,0.1,0.0
16,RL2_DOGE_DOGE_S2B1_lr0.0003_clip0.2_ent0.01_ep4_bs16_cl32_gamma0.999_lam0.95_seed1_H4320_Q3e+06_pov0.1_fee0_trial4_rt64,DOGE,DOGE_PPO_1,checkpoints/DOGE/DOGE_S2B1_lr0.0003_clip0.2_ent0.01_ep4_bs16_cl32_gamma0.999_lam0.95_seed1_H4320_Q3e+06_pov0.1_fee0/best.weights.h5,DOGE_S2B1_lr0.0003_clip0.2_ent0.01_ep4_bs16_cl32_gamma0.999_lam0.95_seed1_H4320_Q3e+06_pov0.1_fee0,1105920,-1.5639688500558305e-09,4320.0,-0.011415788915959032,5.2462864227385985e-05,1.6288331359347472e-06,1.1469066462720985,0.0007372337415290531,0.0036390516493055554,0.09760228630006572,0.1351523054564791,0.0002100833078049999,-2.987509482761635e-09,50,4,914.3664608001709,0.12904791247468425,10,0.0003,0.2,0.5,0.01,0.5,0.999,0.95,32,16,4,0.02,1,999,64,4,4320,buy,3000000.0,3500.0,0.1,0.0
17,RL2_DOGE_DOGE_S2B1_lr0.0003_clip0.2_ent0.01_ep4_bs16_cl32_gamma0.999_lam0.95_seed1_H4320_Q3e+06_pov0.1_fee0_trial4_rt64,DOGE,DOGE_PPO_1,checkpoints/DOGE/DOGE_S2B1_lr0.0003_clip0.2_ent0.01_ep4_bs16_cl32_gamma0.999_lam0.95_seed1_H4320_Q3e+06_pov0.1_fee0/best.weights.h5,DOGE_S2B1_lr0.0003_clip0.2_ent0.01_ep4_bs16_cl32_gamma0.999_lam0.95_seed1_H4320_Q3e+06_pov0.1_fee0,1105920,-1.7571037081282311e-09,4320.0,-0.011643444984791265,-3.6678307676791317e-06,1.2417328847413454e-06,1.164039827634891,0.0007387168318894476,0.00402538158275463,0.09921020242639955,0.1348046471610734,0.0002157248064291666,-3.046558376627977e-09,50,4,910.898519039154,0.12904791247468425,11,0.0003,0.2,0.5,0.01,0.5,0.999,0.95,32,16,4,0.02,1,999,64,4,4320,buy,3000000.0,3500.0,0.1,0.0
18,RL2_DOGE_DOGE_S2B1_lr0.0003_clip0.2_ent0.01_ep4_bs16_cl32_gamma0.999_lam0.95_seed1_H4320_Q3e+06_pov0.1_fee0_trial4_rt64,DOGE,DOGE_PPO_1,checkpoints/DOGE/DOGE_S2B1_lr0.0003_clip0.2_ent0.01_ep4_bs16_cl32_gamma0.999_lam0.95_seed1_H4320_Q3e+06_pov0.1_fee0/best.weights.h5,DOGE_S2B1_lr0.0003_clip0.2_ent0.01_ep4_bs16_cl32_gamma0.999_lam0.95_seed1_H4320_Q3e+06_pov0.1_fee0,1105920,-1.5047307704200754e-09,4320.0,-0.011857652912483361,-5.089833907226825e-05,1.1394974143465443e-06,1.1807324578916585,0.0008437813940367454,0.004922598379629629,0.10015605314380352,0.12779618576055005,0.00020504922405933324,-2.7502517313021297e-09,50,4,911.3839309215546,0.12779618576055005,0,0.0003,0.2,0.5,0.01,0.5,0.999,0.95,32,16,4,0.02,1,999,64,4,4320,buy,3000000.0,3500.0,0.1,0.0
19,RL2_DOGE_DOGE_S2B1_lr0.0003_clip0.2_ent0.01_ep4_bs16_cl32_gamma0.999_lam0.95_seed1_H4320_Q3e+06_pov0.1_fee0_trial4_rt64,DOGE,DOGE_PPO_1,checkpoints/DOGE/DOGE_S2B1_lr0.0003_clip0.2_ent0.01_ep4_bs16_cl32_gamma0.999_lam0.95_seed1_H4320_Q3e+06_pov0.1_fee0/best.weights.h5,DOGE_S2B1_lr0.0003_clip0.2_ent0.01_ep4_bs16_cl32_gamma0.999_lam0.95_seed1_H4320_Q3e+06_pov0.1_fee0,1105920,-1.6373445591566316e-09,4320.0,-0.011931172426557168,-5.246975812311845e-05,1.2215473669852918e-06,1.1879313704454237,0.0007009225854778412,0.0038352683738425925,0.10101428351513783,0.12931925178133905,0.00020855426891133323,-2.839784872145192e-09,50,4,911.2542200088501,0.12779618576055005,1,0.0003,0.2,0.5,0.01,0.5,0.999,0.95,32,16,4,0.02,1,999,64,4,4320,buy,3000000.0,3500.0,0.1,0.0
20,RL2_DOGE_DOGE_S2B1_lr0.0003_clip0.2_ent0.01_ep4_bs16_cl32_gamma0.999_lam0.95_seed1_H4320_Q3e+06_pov0.1_fee0_trial4_rt64,DOGE,DOGE_PPO_1,checkpoints/DOGE/DOGE_S2B1_lr0.0003_clip0.2_ent0.01_ep4_bs16_cl32_gamma0.999_lam0.95_seed1_H4320_Q3e+06_pov0.1_fee0/best.weights.h5,DOGE_S2B1_lr0.0003_clip0.2_ent0.01_ep4_bs16_cl32_gamma0.999_lam0.95_seed1_H4320_Q3e+06_pov0.1_fee0,1105920,-1.6188811163549636e-09,4320.0,-0.012058295983512868,-5.744355967854736e-05,1.0016121458291508e-06,1.2001353487234425,0.0007574620074862011,0.004802562572337963,0.10095532619118415,0.13386204236714241,0.00021274613138166657,-3.0295619298760124e-09,50,4,910.98118019104,0.12779618576055005,2,0.0003,0.2,0.5,0.01,0.5,0.999,0.95,32,16,4,0.02,1,999,64,4,4320,buy,3000000.0,3500.0,0.1,0.0
21,RL2_DOGE_DOGE_S2B1_lr0.0003_clip0.2_ent0.01_ep4_bs16_cl32_gamma0.999_lam0.95_seed1_H4320_Q3e+06_pov0.1_fee0_trial4_rt64,DOGE,DOGE_PPO_1,checkpoints/DOGE/DOGE_S2B1_lr0.0003_clip0.2_ent0.01_ep4_bs16_cl32_gamma0.999_lam0.95_seed1_H4320_Q3e+06_pov0.1_fee0/best.weights.h5,DOGE_S2B1_lr0.0003_clip0.2_ent0.01_ep4_bs16_cl32_gamma0.999_lam0.95_seed1_H4320_Q3e+06_pov0.1_fee0,1105920,-1.6107662884418225e-09,4320.0,-0.012167898115768804,-1.732669669662654e-05,9.203882213482117e-07,1.215103187136076,0.0006596467445719841,0.003917778862847222,0.10106758755045357,0.13639673402590885,0.0002114550403696666,-3.040716551440239e-09,50,4,911.1916260719299,0.12779618576055005,3,0.0003,0.2,0.5,0.01,0.5,0.999,0.95,32,16,4,0.02,1,999,64,4,4320,buy,3000000.0,3500.0,0.1,0.0
22,RL2_DOGE_DOGE_S2B1_lr0.0003_clip0.2_ent0.01_ep4_bs16_cl32_gamma0.999_lam0.95_seed1_H4320_Q3e+06_pov0.1_fee0_trial4_rt64,DOGE,DOGE_PPO_1,checkpoints/DOGE/DOGE_S2B1_lr0.0003_clip0.2_ent0.01_ep4_bs16_cl32_gamma0.999_lam0.95_seed1_H4320_Q3e+06_pov0.1_fee0/best.weights.h5,DOGE_S2B1_lr0.0003_clip0.2_ent0.01_ep4_bs16_cl32_gamma0.999_lam0.95_seed1_H4320_Q3e+06_pov0.1_fee0,1105920,-1.6017136202108105e-09,4320.0,-0.012358111958073332,-0.00012572831846800574,9.765466055865767e-07,1.2232872179536909,0.0008528730108217267,0.00533763744212963,0.10300697442683115,0.12974263802540592,0.0002100090992121666,-2.853058480694388e-09,50,4,914.1313719749451,0.12779618576055005,4,0.0003,0.2,0.5,0.01,0.5,0.999,0.95,32,16,4,0.02,1,999,64,4,4320,buy,3000000.0,3500.0,0.1,0.0
23,RL2_DOGE_DOGE_S2B1_lr0.0003_clip0.2_ent0.01_ep4_bs16_cl32_gamma0.999_lam0.95_seed1_H4320_Q3e+06_pov0.1_fee0_trial4_rt64,DOGE,DOGE_PPO_1,checkpoints/DOGE/DOGE_S2B1_lr0.0003_clip0.2_ent0.01_ep4_bs16_cl32_gamma0.999_lam0.95_seed1_H4320_Q3e+06_pov0.1_fee0/best.weights.h5,DOGE_S2B1_lr0.0003_clip0.2_ent0.01_ep4_bs16_cl32_gamma0.999_lam0.95_seed1_H4320_Q3e+06_pov0.1_fee0,1105920,-1.6037861538558672e-09,4320.0,-0.012432361370560505,-5.6174355557703635e-05,7.739014359633258e-07,1.2376574223654138,0.0007703130343374883,0.0043294270833333336,0.10305801281205344,0.13367012094186825,0.00020081191000849996,-2.7892766785849647e-09,50,4,917.7737910747528,0.12779618576055005,5,0.0003,0.2,0.5,0.01,0.5,0.999,0.95,32,16,4,0.02,1,999,64,4,4320,buy,3000000.0,3500.0,0.1,0.0
24,RL2_DOGE_DOGE_S2B1_lr0.0003_clip0.2_ent0.01_ep4_bs16_cl32_gamma0.999_lam0.95_seed1_H4320_Q3e+06_pov0.1_fee0_trial4_rt64,DOGE,DOGE_PPO_1,checkpoints/DOGE/DOGE_S2B1_lr0.0003_clip0.2_ent0.01_ep4_bs16_cl32_gamma0.999_lam0.95_seed1_H4320_Q3e+06_pov0.1_fee0/best.weights.h5,DOGE_S2B1_lr0.0003_clip0.2_ent0.01_ep4_bs16_cl32_gamma0.999_lam0.95_seed1_H4320_Q3e+06_pov0.1_fee0,1105920,-1.5285500306152724e-09,4320.0,-0.012571423835685925,-0.0001016904532123051,9.88792910418514e-07,1.2470228053905346,0.0006994607356183998,0.003574173538773148,0.10693880189619787,0.13295807894805592,0.00021267709063849992,-2.9909708195844203e-09,50,4,913.3066370487213,0.12779618576055005,6,0.0003,0.2,0.5,0.01,0.5,0.999,0.95,32,16,4,0.02,1,999,64,4,4320,buy,3000000.0,3500.0,0.1,0.0
25,RL2_DOGE_DOGE_S2B1_lr0.0003_clip0.2_ent0.01_ep4_bs16_cl32_gamma0.999_lam0.95_seed1_H4320_Q3e+06_pov0.1_fee0_trial4_rt64,DOGE,DOGE_PPO_1,checkpoints/DOGE/DOGE_S2B1_lr0.0003_clip0.2_ent0.01_ep4_bs16_cl32_gamma0.999_lam0.95_seed1_H4320_Q3e+06_pov0.1_fee0/best.weights.h5,DOGE_S2B1_lr0.0003_clip0.2_ent0.01_ep4_bs16_cl32_gamma0.999_lam0.95_seed1_H4320_Q3e+06_pov0.1_fee0,1105920,-1.6293550019229276e-09,4320.0,-0.012705267746059689,-0.0001283713355574205,9.754067918789612e-07,1.2577384404010243,0.000973624629248796,0.005976924189814815,0.10632808209198562,0.13400368159423484,0.00020858988810366663,-2.944543700238599e-09,50,4,909.3350780010223,0.12779618576055005,7,0.0003,0.2,0.5,0.01,0.5,0.999,0.95,32,16,4,0.02,1,999,64,4,4320,buy,3000000.0,3500.0,0.1,0.0
26,RL2_DOGE_DOGE_S2B1_lr0.0003_clip0.2_ent0.01_ep4_bs16_cl32_gamma0.999_lam0.95_seed1_H4320_Q3e+06_pov0.1_fee0_trial4_rt64,DOGE,DOGE_PPO_1,checkpoints/DOGE/DOGE_S2B1_lr0.0003_clip0.2_ent0.01_ep4_bs16_cl32_gamma0.999_lam0.95_seed1_H4320_Q3e+06_pov0.1_fee0/best.weights.h5,DOGE_S2B1_lr0.0003_clip0.2_ent0.01_ep4_bs16_cl32_gamma0.999_lam0.95_seed1_H4320_Q3e+06_pov0.1_fee0,1105920,-1.5521329875462564e-09,4320.0,-0.012820281181753941,-0.00014255982048915164,9.58941332504412e-07,1.2678201132212523,0.0008445874335545038,0.005199969256365741,0.11528328041011399,0.12826987001377857,0.00020794831361966665,-2.819809318310292e-09,50,4,913.9399390220642,0.12779618576055005,8,0.0003,0.2,0.5,0.01,0.5,0.999,0.95,32,16,4,0.02,1,999,64,4,4320,buy,3000000.0,3500.0,0.1,0.0
27,RL2_DOGE_DOGE_S2B1_lr0.0003_clip0.2_ent0.01_ep4_bs16_cl32_gamma0.999_lam0.95_seed1_H4320_Q3e+06_pov0.1_fee0_trial4_rt64,DOGE,DOGE_PPO_1,checkpoints/DOGE/DOGE_S2B1_lr0.0003_clip0.2_ent0.01_ep4_bs16_cl32_gamma0.999_lam0.95_seed1_H4320_Q3e+06_pov0.1_fee0/best.weights.h5,DOGE_S2B1_lr0.0003_clip0.2_ent0.01_ep4_bs16_cl32_gamma0.999_lam0.95_seed1_H4320_Q3e+06_pov0.1_fee0,1105920,-1.4916924285887055e-09,4320.0,-0.013122086337642502,-0.0003146657693394917,1.3203473458205466e-06,1.280808104188354,0.0009947919391615195,0.006665717230902778,0.11584618939000561,0.13761783807625128,0.00021429123363133327,-3.1145158721460094e-09,50,4,909.8949160575867,0.12779618576055005,9,0.0003,0.2,0.5,0.01,0.5,0.999,0.95,32,16,4,0.02,1,999,64,4,4320,buy,3000000.0,3500.0,0.1,0.0
28,RL2_DOGE_DOGE_S2B1_lr0.0003_clip0.2_ent0.01_ep4_bs16_cl32_gamma0.999_lam0.95_seed1_H4320_Q3e+06_pov0.1_fee0_trial4_rt64,DOGE,DOGE_PPO_1,checkpoints/DOGE/DOGE_S2B1_lr0.0003_clip0.2_ent0.01_ep4_bs16_cl32_gamma0.999_lam0.95_seed1_H4320_Q3e+06_pov0.1_fee0/best.weights.h5,DOGE_S2B1_lr0.0003_clip0.2_ent0.01_ep4_bs16_cl32_gamma0.999_lam0.95_seed1_H4320_Q3e+06_pov0.1_fee0,1105920,-1.6546239223224414e-09,4320.0,-0.013171079918242025,-0.0002184442649094207,1.2791994971826802e-06,1.2953275551122647,0.0008326822110743874,0.005857566550925926,0.12016451656387223,0.13317819403242503,0.0002095390986438333,-2.9375700928551318e-09,50,4,910.351625919342,0.12779618576055005,10,0.0003,0.2,0.5,0.01,0.5,0.999,0.95,32,16,4,0.02,1,999,64,4,4320,buy,3000000.0,3500.0,0.1,0.0
29,RL2_DOGE_DOGE_S2B1_lr0.0003_clip0.2_ent0.01_ep4_bs16_cl32_gamma0.999_lam0.95_seed1_H4320_Q3e+06_pov0.1_fee0_trial4_rt64,DOGE,DOGE_PPO_1,checkpoints/DOGE/DOGE_S2B1_lr0.0003_clip0.2_ent0.01_ep4_bs16_cl32_gamma0.999_lam0.95_seed1_H4320_Q3e+06_pov0.1_fee0/best.weights.h5,DOGE_S2B1_lr0.0003_clip0.2_ent0.01_ep4_bs16_cl32_gamma0.999_lam0.95_seed1_H4320_Q3e+06_pov0.1_fee0,1105920,-1.4452292400750194e-09,4320.0,-0.013300498921954488,-0.00028653156175466766,1.159613934786096e-06,1.3014547465438093,0.0008572861640358396,0.004781991464120371,0.13133744751749973,0.1342392583619547,0.00021075445412033322,-2.9835730947764516e-09,50,4,913.0368967056274,0.12779618576055005,11,0.0003,0.2,0.5,0.01,0.5,0.999,0.95,32,16,4,0.02,1,999,64,4,4320,buy,3000000.0,3500.0,0.1,0.0
30,RL2_DOGE_DOGE_S2B1_lr0.0003_clip0.2_ent0.01_ep4_bs16_cl32_gamma0.999_lam0.95_seed1_H4320_Q3e+06_pov0.1_fee0_trial4_rt64,DOGE,DOGE_PPO_1,checkpoints/DOGE/DOGE_S2B1_lr0.0003_clip0.2_ent0.01_ep4_bs16_cl32_gamma0.999_lam0.95_seed1_H4320_Q3e+06_pov0.1_fee0/best.weights.h5,DOGE_S2B1_lr0.0003_clip0.2_ent0.01_ep4_bs16_cl32_gamma0.999_lam0.95_seed1_H4320_Q3e+06_pov0.1_fee0,1105920,-1.5850857936929474e-09,4320.0,-0.013455263166947083,-0.0003861935251027009,1.383192458462815e-06,1.3069761543914125,0.00097240498596673,0.006260398582175926,0.1308802316258489,0.13428136884183103,0.00020732239337333325,-2.9080959547296854e-09,50,4,908.9372606277466,0.12779618576055005,12,0.0003,0.2,0.5,0.01,0.5,0.999,0.95,32,16,4,0.02,1,999,64,4,4320,buy,3000000.0,3500.0,0.1,0.0
31,RL2_DOGE_DOGE_S2B1_lr0.0003_clip0.2_ent0.01_ep4_bs16_cl32_gamma0.999_lam0.95_seed1_H4320_Q3e+06_pov0.1_fee0_trial4_rt64,DOGE,DOGE_PPO_1,checkpoints/DOGE/DOGE_S2B1_lr0.0003_clip0.2_ent0.01_ep4_bs16_cl32_gamma0.999_lam0.95_seed1_H4320_Q3e+06_pov0.1_fee0/best.weights.h5,DOGE_S2B1_lr0.0003_clip0.2_ent0.01_ep4_bs16_cl32_gamma0.999_lam0.95_seed1_H4320_Q3e+06_pov0.1_fee0,1105920,-1.5490186898231265e-09,4320.0,-0.013707498611054487,-0.0005485251815992308,1.7139558595864385e-06,1.315983070446937,0.0009511521902890376,0.006055139612268518,0.1362089641844957,0.13382514155866665,0.00021314136263416662,-3.0126359103876415e-09,50,4,913.0480148792267,0.12779618576055005,13,0.0003,0.2,0.5,0.01,0.5,0.999,0.95,32,16,4,0.02,1,999,64,4,4320,buy,3000000.0,3500.0,0.1,0.0
32,RL2_DOGE_DOGE_S2B1_lr0.0003_clip0.2_ent0.01_ep4_bs16_cl32_gamma0.999_lam0.95_seed1_H4320_Q3e+06_pov0.1_fee0_trial4_rt64,DOGE,DOGE_PPO_1,checkpoints/DOGE/DOGE_S2B1_lr0.0003_clip0.2_ent0.01_ep4_bs16_cl32_gamma0.999_lam0.95_seed1_H4320_Q3e+06_pov0.1_fee0/best.weights.h5,DOGE_S2B1_lr0.0003_clip0.2_ent0.01_ep4_bs16_cl32_gamma0.999_lam0.95_seed1_H4320_Q3e+06_pov0.1_fee0,1105920,-1.6414482396480892e-09,4320.0,-0.013902664107822434,-0.0005956389321942913,2.0576633439770317e-06,1.3308054301059908,0.0010429164729160861,0.007251202618634259,0.13932468908390513,0.13515535109633806,0.00020981168146216658,-2.967690034983928e-09,50,4,910.1536700725555,0.12779618576055005,14,0.0003,0.2,0.5,0.01,0.5,0.999,0.95,32,16,4,0.02,1,999,64,4,4320,buy,3000000.0,3500.0,0.1,0.0
33,RL2_DOGE_DOGE_S2B1_lr0.0003_clip0.2_ent0.01_ep4_bs16_cl32_gamma0.999_lam0.95_seed1_H4320_Q3e+06_pov0.1_fee0_trial4_rt64,DOGE,DOGE_PPO_1,checkpoints/DOGE/DOGE_S2B1_lr0.0003_clip0.2_ent0.01_ep4_bs16_cl32_gamma0.999_lam0.95_seed1_H4320_Q3e+06_pov0.1_fee0/best.weights.h5,DOGE_S2B1_lr0.0003_clip0.2_ent0.01_ep4_bs16_cl32_gamma0.999_lam0.95_seed1_H4320_Q3e+06_pov0.1_fee0,1105920,-1.5759982295774965e-09,4320.0,-0.014070629232338872,-0.0006848489939565533,2.1977740056234586e-06,1.3386879424116125,0.0011126333947484252,0.007700602213541667,0.15214853608135687,0.13685100566370323,0.0002093729581039999,-3.0240287148559425e-09,50,4,911.3044967651367,0.12779618576055005,15,0.0003,0.2,0.5,0.01,0.5,0.999,0.95,32,16,4,0.02,1,999,64,4,4320,buy,3000000.0,3500.0,0.1,0.0
34,RL2_DOGE_DOGE_S2B1_lr0.0003_clip0.2_ent0.01_ep4_bs16_cl32_gamma0.999_lam0.95_seed1_H4320_Q3e+06_pov0.1_fee0_trial4_rt64,DOGE,DOGE_PPO_1,checkpoints/DOGE/DOGE_S2B1_lr0.0003_clip0.2_ent0.01_ep4_bs16_cl32_gamma0.999_lam0.95_seed1_H4320_Q3e+06_pov0.1_fee0/best.weights.h5,DOGE_S2B1_lr0.0003_clip0.2_ent0.01_ep4_bs16_cl32_gamma0.999_lam0.95_seed1_H4320_Q3e+06_pov0.1_fee0,1105920,-1.6160652518041327e-09,4320.0,-0.014438541944427587,-0.0009357997069417723,2.6230611101177406e-06,1.350405407089878,0.0012109693333682285,0.008502875434027777,0.1581976657401322,0.13541842932639409,0.00020863925652466663,-2.9795038983860675e-09,50,4,908.3437740802765,0.12779618576055005,16,0.0003,0.2,0.5,0.01,0.5,0.999,0.95,32,16,4,0.02,1,999,64,4,4320,buy,3000000.0,3500.0,0.1,0.0
35,RL2_DOGE_DOGE_S2B1_lr0.0003_clip0.2_ent0.01_ep4_bs16_cl32_gamma0.999_lam0.95_seed1_H4320_Q3e+06_pov0.1_fee0_trial4_rt64,DOGE,DOGE_PPO_1,checkpoints/DOGE/DOGE_S2B1_lr0.0003_clip0.2_ent0.01_ep4_bs16_cl32_gamma0.999_lam0.95_seed1_H4320_Q3e+06_pov0.1_fee0/best.weights.h5,DOGE_S2B1_lr0.0003_clip0.2_ent0.01_ep4_bs16_cl32_gamma0.999_lam0.95_seed1_H4320_Q3e+06_pov0.1_fee0,1105920,-1.627041571903472e-09,4320.0,-0.014653170335373876,-0.0010537770662873906,3.867618389138036e-06,1.3601327374991443,0.0014100166174574513,0.009943305121527777,0.16511713236880798,0.13501972768166776,0.00021540905344749996,-3.0556059954648714e-09,50,4,907.7532930374146,0.12779618576055005,17,0.0003,0.2,0.5,0.01,0.5,0.999,0.95,32,16,4,0.02,1,999,64,4,4320,buy,3000000.0,3500.0,0.1,0.0
36,RL2_DOGE_DOGE_S2B1_lr0.0003_clip0.2_ent0.01_ep4_bs16_cl32_gamma0.999_lam0.95_seed1_H4320_Q3e+06_pov0.1_fee0_trial4_rt64,DOGE,DOGE_PPO_1,checkpoints/DOGE/DOGE_S2B1_lr0.0003_clip0.2_ent0.01_ep4_bs16_cl32_gamma0.999_lam0.95_seed1_H4320_Q3e+06_pov0.1_fee0/best.weights.h5,DOGE_S2B1_lr0.0003_clip0.2_ent0.01_ep4_bs16_cl32_gamma0.999_lam0.95_seed1_H4320_Q3e+06_pov0.1_fee0,1105920,-1.5515218701568854e-09,4320.0,-0.014792024162684188,-0.001040980001912599,3.0996958799053737e-06,1.3752594307202983,0.001365122066905584,0.010570610894097223,0.16843755183120568,0.13179106559872217,0.00020555614919399998,-2.8536328206871393e-09,50,4,911.230859041214,0.12779618576055005,18,0.0003,0.2,0.5,0.01,0.5,0.999,0.95,32,16,4,0.02,1,999,64,4,4320,buy,3000000.0,3500.0,0.1,0.0
37,RL2_DOGE_DOGE_S2B1_lr0.0003_clip0.2_ent0.01_ep4_bs16_cl32_gamma0.999_lam0.95_seed1_H4320_Q3e+06_pov0.1_fee0_trial4_rt64,DOGE,DOGE_PPO_1,checkpoints/DOGE/DOGE_S2B1_lr0.0003_clip0.2_ent0.01_ep4_bs16_cl32_gamma0.999_lam0.95_seed1_H4320_Q3e+06_pov0.1_fee0/best.weights.h5,DOGE_S2B1_lr0.0003_clip0.2_ent0.01_ep4_bs16_cl32_gamma0.999_lam0.95_seed1_H4320_Q3e+06_pov0.1_fee0,1105920,-1.5377185192930385e-09,4320.0,-0.01504254511307442,-0.001156311021084009,3.807017389943099e-06,1.388813789713162,0.001405251201180767,0.010494656032986112,0.16569667161588936,0.13471740156317202,0.00021029623675533328,-2.9512184772972807e-09,50,4,910.2784180641174,0.12779618576055005,19,0.0003,0.2,0.5,0.01,0.5,0.999,0.95,32,16,4,0.02,1,999,64,4,4320,buy,3000000.0,3500.0,0.1,0.0
38,RL2_DOGE_DOGE_S2B1_lr0.0003_clip0.2_ent0.01_ep4_bs16_cl32_gamma0.999_lam0.95_seed1_H4320_Q3e+06_pov0.1_fee0_trial4_rt64,DOGE,DOGE_PPO_1,checkpoints/DOGE/DOGE_S2B1_lr0.0003_clip0.2_ent0.01_ep4_bs16_cl32_gamma0.999_lam0.95_seed1_H4320_Q3e+06_pov0.1_fee0/best.weights.h5,DOGE_S2B1_lr0.0003_clip0.2_ent0.01_ep4_bs16_cl32_gamma0.999_lam0.95_seed1_H4320_Q3e+06_pov0.1_fee0,1105920,-1.55241958027389e-09,4320.0,-0.015137085087459397,-0.0011701482527213456,3.556904906580153e-06,1.3968715591011225,0.00134019880752021,0.010517487702546296,0.17832430000158234,0.13438646192010523,0.00020805880725099994,-2.9286569285343628e-09,50,4,916.06436419487,0.12779618576055005,20,0.0003,0.2,0.5,0.01,0.5,0.999,0.95,32,16,4,0.02,1,999,64,4,4320,buy,3000000.0,3500.0,0.1,0.0
