asset,scenario_name,target_qty,horizon_steps,max_child_qty,pov_cap,side,policy_name,day_name,day_path,start_idx,steps_used,episode_return,filled_total,exec_vwap,arrival_mid,cost_cash_vs_mid,remaining_qty,completion,completion_100pct,terminated_at_horizon,is_bps,run_name,ckpt,episode_id,true_is_bps
BTC,btc_q10,10.0,4320,0.25,0.05,buy,TWAP,2026-01-17_steps_5s.parquet,/Users/jackfletcher/Desktop/FYP_Data/Replay_5s_BTC/January/2026-01-17_steps_5s.parquet,4382,4320,-7.307007477897732e-07,9.253580422864356,95234.1707563828,95243.95,0.695948254874518,0.7464195771356796,0.9253580422864356,0.0,1.0,0.0073070074778977,TWAP,,0,-1.0267574598913796
BTC,btc_q10,10.0,4320,0.25,0.05,buy,TWAP,2026-01-17_steps_5s.parquet,/Users/jackfletcher/Desktop/FYP_Data/Replay_5s_BTC/January/2026-01-17_steps_5s.parquet,745,4320,-6.144461353903308e-07,9.512356465815952,95293.66311082942,95496.55,0.5867748609060959,0.4876435341840731,0.9512356465815952,0.0,1.0,0.0061444613539033,TWAP,,1,-21.245467943143368
BTC,btc_q10,10.0,4320,0.25,0.05,buy,TWAP,2026-01-13_steps_5s.parquet,/Users/jackfletcher/Desktop/FYP_Data/Replay_5s_BTC/January/2026-01-13_steps_5s.parquet,1052,4320,-5.778103880670822e-07,10.00000000000001,91683.36909722352,91305.65,0.5275735305921729,0.0,1.000000000000001,1.0,1.0,0.0057781038806708,TWAP,,2,41.36864446214728
BTC,btc_q10,10.0,4320,0.25,0.05,buy,TWAP,2026-01-23_steps_5s.parquet,/Users/jackfletcher/Desktop/FYP_Data/Replay_5s_BTC/January/2026-01-23_steps_5s.parquet,1350,4320,-5.915627999013963e-07,10.000000000000004,89724.37459368903,89830.65,0.5314047083096215,0.0,1.0000000000000004,1.0,1.0,0.0059156279990139,TWAP,,3,-11.830639799551772
BTC,btc_q10,10.0,4320,0.25,0.05,buy,TWAP,2026-01-18_steps_5s.parquet,/Users/jackfletcher/Desktop/FYP_Data/Replay_5s_BTC/January/2026-01-18_steps_5s.parquet,1398,4320,-7.183913665554789e-07,8.511099654398752,95096.0520818492,94935.95,0.6820116685574277,1.4889003456012555,0.8511099654398752,0.0,1.0,0.0071839136655548,TWAP,,4,16.864220756119902
BTC,btc_q10,10.0,4320,0.25,0.05,buy,TWAP,2026-01-20_steps_5s.parquet,/Users/jackfletcher/Desktop/FYP_Data/Replay_5s_BTC/January/2026-01-20_steps_5s.parquet,12107,4320,-7.994017990896836e-07,10.000000000000036,89579.08285847184,90061.85,0.7199560491934516,0.0,1.0000000000000038,1.0,1.0,0.0079940179908968,TWAP,,5,-53.603955673591614
BTC,btc_q10,10.0,4320,0.25,0.05,buy,TWAP,2026-01-11_steps_5s.parquet,/Users/jackfletcher/Desktop/FYP_Data/Replay_5s_BTC/January/2026-01-11_steps_5s.parquet,7696,4320,-7.112417511152289e-07,10.00000000000004,90962.06656661395,90734.95,0.6453448472535266,0.0,1.000000000000004,1.0,1.0,0.0071124175111522,TWAP,,6,25.03077001904523
BTC,btc_q10,10.0,4320,0.25,0.05,buy,TWAP,2026-01-17_steps_5s.parquet,/Users/jackfletcher/Desktop/FYP_Data/Replay_5s_BTC/January/2026-01-17_steps_5s.parquet,2505,4320,-7.164518723630076e-07,9.156323047882363,95233.4567961202,95302.55,0.6827969038846908,0.8436769521175849,0.9156323047882364,0.0,1.0,0.00716451872363,TWAP,,7,-7.249879869930607
BTC,btc_q10,10.0,4320,0.25,0.05,buy,TWAP,2026-01-31_steps_5s.parquet,/Users/jackfletcher/Desktop/FYP_Data/Replay_5s_BTC/January/2026-01-31_steps_5s.parquet,4432,4320,-1.045878204219873e-06,10.0,83199.59266119229,83999.05,0.8785277557017525,0.0,1.0,1.0,1.0,0.0104587820421987,TWAP,,8,-95.17456909425897
BTC,btc_q10,10.0,4320,0.25,0.05,buy,TWAP,2026-01-15_steps_5s.parquet,/Users/jackfletcher/Desktop/FYP_Data/Replay_5s_BTC/January/2026-01-15_steps_5s.parquet,172,4320,-5.354468070751283e-07,9.999999999999972,96362.2607194354,96930.05,0.5190088578213259,0.0,0.9999999999999972,1.0,1.0,0.0053544680707512,TWAP,,9,-58.57721940353863
BTC,btc_q10,10.0,4320,0.25,0.05,buy,BTC_PPO_1,2026-01-17_steps_5s.parquet,/Users/jackfletcher/Desktop/FYP_Data/Replay_5s_BTC/January/2026-01-17_steps_5s.parquet,4382,196,-9.543671802939953e-07,9.999999999999265,95253.31974260532,95243.95,0.908977000015624,7.405554302759815e-13,0.9999999999999264,1.0,0.0,0.0095436718029399,BTC_S2B3_lr0.001_clip0.2_ent0.005_ep8_bs16_cl32_gamma0.99_lam0.9_seed2,checkpoints/BTC/BTC_S2B3_lr0.001_clip0.2_ent0.005_ep8_bs16_cl32_gamma0.99_lam0.9_seed2/best.weights.h5,0,0.9837624967597294
BTC,btc_q10,10.0,4320,0.25,0.05,buy,BTC_PPO_1,2026-01-17_steps_5s.parquet,/Users/jackfletcher/Desktop/FYP_Data/Replay_5s_BTC/January/2026-01-17_steps_5s.parquet,745,213,-1.6537077203600568e-06,9.999999999999329,95488.30826438034,95496.55,1.5792338200275016,6.710726066144963e-13,0.9999999999999328,1.0,0.0,0.0165370772036005,BTC_S2B3_lr0.001_clip0.2_ent0.005_ep8_bs16_cl32_gamma0.99_lam0.9_seed2,checkpoints/BTC/BTC_S2B3_lr0.001_clip0.2_ent0.005_ep8_bs16_cl32_gamma0.99_lam0.9_seed2/best.weights.h5,1,-0.863040143300198
BTC,btc_q10,10.0,4320,0.25,0.05,buy,BTC_PPO_1,2026-01-13_steps_5s.parquet,/Users/jackfletcher/Desktop/FYP_Data/Replay_5s_BTC/January/2026-01-13_steps_5s.parquet,1052,292,-4.883058887350061e-06,9.99999999999906,91203.57815928748,91305.65,4.458508656977742,9.373967154474002e-13,0.999999999999906,1.0,0.0,0.0488305888735006,BTC_S2B3_lr0.001_clip0.2_ent0.005_ep8_bs16_cl32_gamma0.99_lam0.9_seed2,checkpoints/BTC/BTC_S2B3_lr0.001_clip0.2_ent0.005_ep8_bs16_cl32_gamma0.99_lam0.9_seed2/best.weights.h5,2,-11.179137404148548
BTC,btc_q10,10.0,4320,0.25,0.05,buy,BTC_PPO_1,2026-01-23_steps_5s.parquet,/Users/jackfletcher/Desktop/FYP_Data/Replay_5s_BTC/January/2026-01-23_steps_5s.parquet,1350,213,-8.830824723996202e-07,9.999999999999082,89885.60275628106,89830.65,0.7932787249926501,9.167727525134617e-13,0.9999999999999082,1.0,0.0,0.0088308247239962,BTC_S2B3_lr0.001_clip0.2_ent0.005_ep8_bs16_cl32_gamma0.99_lam0.9_seed2,checkpoints/BTC/BTC_S2B3_lr0.001_clip0.2_ent0.005_ep8_bs16_cl32_gamma0.99_lam0.9_seed2/best.weights.h5,3,6.117372665239428
BTC,btc_q10,10.0,4320,0.25,0.05,buy,BTC_PPO_1,2026-01-18_steps_5s.parquet,/Users/jackfletcher/Desktop/FYP_Data/Replay_5s_BTC/January/2026-01-18_steps_5s.parquet,1398,224,-1.6829947994635736e-06,9.999999999999249,94989.79436333184,94935.95,1.5977671013213377,7.543357112961389e-13,0.9999999999999248,1.0,0.0,0.0168299479946357,BTC_S2B3_lr0.001_clip0.2_ent0.005_ep8_bs16_cl32_gamma0.99_lam0.9_seed2,checkpoints/BTC/BTC_S2B3_lr0.001_clip0.2_ent0.005_ep8_bs16_cl32_gamma0.99_lam0.9_seed2/best.weights.h5,4,5.671651606355485
BTC,btc_q10,10.0,4320,0.25,0.05,buy,BTC_PPO_1,2026-01-20_steps_5s.parquet,/Users/jackfletcher/Desktop/FYP_Data/Replay_5s_BTC/January/2026-01-20_steps_5s.parquet,12107,273,-1.332978797352387e-06,9.999999999999057,90163.57988510292,90061.85,1.2005053650033108,9.38884012809042e-13,0.9999999999999056,1.0,0.0,0.0133297879735238,BTC_S2B3_lr0.001_clip0.2_ent0.005_ep8_bs16_cl32_gamma0.99_lam0.9_seed2,checkpoints/BTC/BTC_S2B3_lr0.001_clip0.2_ent0.005_ep8_bs16_cl32_gamma0.99_lam0.9_seed2/best.weights.h5,5,11.295558008515155
BTC,btc_q10,10.0,4320,0.25,0.05,buy,BTC_PPO_1,2026-01-11_steps_5s.parquet,/Users/jackfletcher/Desktop/FYP_Data/Replay_5s_BTC/January/2026-01-11_steps_5s.parquet,7696,286,-8.277460890558417e-07,9.999999999999076,90714.62707364696,90734.95,0.7510550000317738,9.171358222414192e-13,0.9999999999999076,1.0,0.0,0.0082774608905584,BTC_S2B3_lr0.001_clip0.2_ent0.005_ep8_bs16_cl32_gamma0.99_lam0.9_seed2,checkpoints/BTC/BTC_S2B3_lr0.001_clip0.2_ent0.005_ep8_bs16_cl32_gamma0.99_lam0.9_seed2/best.weights.h5,6,-2.2398123714222
BTC,btc_q10,10.0,4320,0.25,0.05,buy,BTC_PPO_1,2026-01-17_steps_5s.parquet,/Users/jackfletcher/Desktop/FYP_Data/Replay_5s_BTC/January/2026-01-17_steps_5s.parquet,2505,228,-5.246449334234039e-07,9.999999999999144,95292.17848950264,95302.55,0.4999999999983054,8.618621637417424e-13,0.9999999999999144,1.0,0.0,0.005246449334234,BTC_S2B3_lr0.001_clip0.2_ent0.005_ep8_bs16_cl32_gamma0.99_lam0.9_seed2,checkpoints/BTC/BTC_S2B3_lr0.001_clip0.2_ent0.005_ep8_bs16_cl32_gamma0.99_lam0.9_seed2/best.weights.h5,7,-1.0882720868819487
BTC,btc_q10,10.0,4320,0.25,0.05,buy,BTC_PPO_1,2026-01-31_steps_5s.parquet,/Users/jackfletcher/Desktop/FYP_Data/Replay_5s_BTC/January/2026-01-31_steps_5s.parquet,4432,282,-2.83734697005095e-06,9.999999999999435,83925.69960510227,83999.05,2.3833445000465803,5.587251868470491e-13,0.9999999999999436,1.0,0.0,0.0283734697005094,BTC_S2B3_lr0.001_clip0.2_ent0.005_ep8_bs16_cl32_gamma0.99_lam0.9_seed2,checkpoints/BTC/BTC_S2B3_lr0.001_clip0.2_ent0.005_ep8_bs16_cl32_gamma0.99_lam0.9_seed2/best.weights.h5,8,-8.73228862680357
BTC,btc_q10,10.0,4320,0.25,0.05,buy,BTC_PPO_1,2026-01-15_steps_5s.parquet,/Users/jackfletcher/Desktop/FYP_Data/Replay_5s_BTC/January/2026-01-15_steps_5s.parquet,172,335,-1.8952798281014417e-06,9.999999999999256,96753.45635933582,96930.05,1.8370956850186404,7.357181130636391e-13,0.9999999999999256,1.0,0.0,0.0189527982810144,BTC_S2B3_lr0.001_clip0.2_ent0.005_ep8_bs16_cl32_gamma0.99_lam0.9_seed2,checkpoints/BTC/BTC_S2B3_lr0.001_clip0.2_ent0.005_ep8_bs16_cl32_gamma0.99_lam0.9_seed2/best.weights.h5,9,-18.218668066733166
BTC,btc_q10,10.0,4320,0.25,0.05,buy,BTC_PPO_2,2026-01-17_steps_5s.parquet,/Users/jackfletcher/Desktop/FYP_Data/Replay_5s_BTC/January/2026-01-17_steps_5s.parquet,4382,208,-9.543671802973144e-07,9.999999999999297,95253.28376889515,95243.95,0.9089770000187845,6.971025053473435e-13,0.9999999999999296,1.0,0.0,0.0095436718029731,BTC_S2B1_lr0.001_clip0.2_ent0.01_ep8_bs16_cl32_gamma0.99_lam0.95_seed2,checkpoints/BTC/BTC_S2B1_lr0.001_clip0.2_ent0.01_ep8_bs16_cl32_gamma0.99_lam0.95_seed2/best.weights.h5,0,0.979985489383614
BTC,btc_q10,10.0,4320,0.25,0.05,buy,BTC_PPO_2,2026-01-17_steps_5s.parquet,/Users/jackfletcher/Desktop/FYP_Data/Replay_5s_BTC/January/2026-01-17_steps_5s.parquet,745,209,-1.6537077203614129e-06,9.999999999999307,95488.309945096,95496.55,1.579233820028796,6.892372942572315e-13,0.9999999999999308,1.0,0.0,0.0165370772036141,BTC_S2B1_lr0.001_clip0.2_ent0.01_ep8_bs16_cl32_gamma0.99_lam0.95_seed2,checkpoints/BTC/BTC_S2B1_lr0.001_clip0.2_ent0.01_ep8_bs16_cl32_gamma0.99_lam0.95_seed2/best.weights.h5,1,-0.8628641457731243
BTC,btc_q10,10.0,4320,0.25,0.05,buy,BTC_PPO_2,2026-01-13_steps_5s.parquet,/Users/jackfletcher/Desktop/FYP_Data/Replay_5s_BTC/January/2026-01-13_steps_5s.parquet,1052,301,-4.8816800891313344e-06,9.999999999999131,91203.57088273304,91305.65,4.45724973630194,8.673790385417535e-13,0.9999999999999132,1.0,0.0,0.0488168008913132,BTC_S2B1_lr0.001_clip0.2_ent0.01_ep8_bs16_cl32_gamma0.99_lam0.95_seed2,checkpoints/BTC/BTC_S2B1_lr0.001_clip0.2_ent0.01_ep8_bs16_cl32_gamma0.99_lam0.95_seed2/best.weights.h5,2,-11.179934348745782
BTC,btc_q10,10.0,4320,0.25,0.05,buy,BTC_PPO_2,2026-01-23_steps_5s.parquet,/Users/jackfletcher/Desktop/FYP_Data/Replay_5s_BTC/January/2026-01-23_steps_5s.parquet,1350,238,-8.830824723992547e-07,9.999999999999126,89885.5722626286,89830.65,0.7932787249923213,8.730295456836401e-13,0.9999999999999126,1.0,0.0,0.0088308247239925,BTC_S2B1_lr0.001_clip0.2_ent0.01_ep8_bs16_cl32_gamma0.99_lam0.95_seed2,checkpoints/BTC/BTC_S2B1_lr0.001_clip0.2_ent0.01_ep8_bs16_cl32_gamma0.99_lam0.95_seed2/best.weights.h5,3,6.113978094181263
BTC,btc_q10,10.0,4320,0.25,0.05,buy,BTC_PPO_2,2026-01-18_steps_5s.parquet,/Users/jackfletcher/Desktop/FYP_Data/Replay_5s_BTC/January/2026-01-18_steps_5s.parquet,1398,231,-1.825859787925592e-06,9.999999999999265,94989.91030851415,94935.95,1.7333973353351464,7.347297151250278e-13,0.9999999999999264,1.0,0.0,0.0182585978792559,BTC_S2B1_lr0.001_clip0.2_ent0.01_ep8_bs16_cl32_gamma0.99_lam0.95_seed2,checkpoints/BTC/BTC_S2B1_lr0.001_clip0.2_ent0.01_ep8_bs16_cl32_gamma0.99_lam0.95_seed2/best.weights.h5,4,5.683864596515554
BTC,btc_q10,10.0,4320,0.25,0.05,buy,BTC_PPO_2,2026-01-20_steps_5s.parquet,/Users/jackfletcher/Desktop/FYP_Data/Replay_5s_BTC/January/2026-01-20_steps_5s.parquet,12107,284,-1.332978797352282e-06,9.999999999999252,90163.45795172272,90061.85,1.2005053650032165,7.474086097783206e-13,0.9999999999999252,1.0,0.0,0.0133297879735228,BTC_S2B1_lr0.001_clip0.2_ent0.01_ep8_bs16_cl32_gamma0.99_lam0.95_seed2,checkpoints/BTC/BTC_S2B1_lr0.001_clip0.2_ent0.01_ep8_bs16_cl32_gamma0.99_lam0.95_seed2/best.weights.h5,5,11.282019159357597
BTC,btc_q10,10.0,4320,0.25,0.05,buy,BTC_PPO_2,2026-01-11_steps_5s.parquet,/Users/jackfletcher/Desktop/FYP_Data/Replay_5s_BTC/January/2026-01-11_steps_5s.parquet,7696,270,-8.277460890571892e-07,9.999999999999307,90714.6233654666,90734.95,0.751055000032996,6.84250285000953e-13,0.9999999999999308,1.0,0.0,0.0082774608905718,BTC_S2B1_lr0.001_clip0.2_ent0.01_ep8_bs16_cl32_gamma0.99_lam0.95_seed2,checkpoints/BTC/BTC_S2B1_lr0.001_clip0.2_ent0.01_ep8_bs16_cl32_gamma0.99_lam0.95_seed2/best.weights.h5,6,-2.240221054113959
BTC,btc_q10,10.0,4320,0.25,0.05,buy,BTC_PPO_2,2026-01-17_steps_5s.parquet,/Users/jackfletcher/Desktop/FYP_Data/Replay_5s_BTC/January/2026-01-17_steps_5s.parquet,2505,227,-5.246449334233997e-07,9.99999999999906,95292.17997485003,95302.55,0.4999999999983015,9.543850601602937e-13,0.999999999999906,1.0,0.0,0.0052464493342339,BTC_S2B1_lr0.001_clip0.2_ent0.01_ep8_bs16_cl32_gamma0.99_lam0.95_seed2,checkpoints/BTC/BTC_S2B1_lr0.001_clip0.2_ent0.01_ep8_bs16_cl32_gamma0.99_lam0.95_seed2/best.weights.h5,7,-1.088116230884543
BTC,btc_q10,10.0,4320,0.25,0.05,buy,BTC_PPO_2,2026-01-31_steps_5s.parquet,/Users/jackfletcher/Desktop/FYP_Data/Replay_5s_BTC/January/2026-01-31_steps_5s.parquet,4432,297,-2.6098267130973523e-06,9.999999999999108,83925.62449522613,83999.05,2.1922296456479993,8.877682647269105e-13,0.9999999999999108,1.0,0.0,0.0260982671309734,BTC_S2B1_lr0.001_clip0.2_ent0.01_ep8_bs16_cl32_gamma0.99_lam0.95_seed2,checkpoints/BTC/BTC_S2B1_lr0.001_clip0.2_ent0.01_ep8_bs16_cl32_gamma0.99_lam0.95_seed2/best.weights.h5,8,-8.741230379851887
BTC,btc_q10,10.0,4320,0.25,0.05,buy,BTC_PPO_2,2026-01-15_steps_5s.parquet,/Users/jackfletcher/Desktop/FYP_Data/Replay_5s_BTC/January/2026-01-15_steps_5s.parquet,172,353,-1.895279828104412e-06,9.999999999999217,96753.42083632966,96930.05,1.8370956850215203,7.849550031666219e-13,0.9999999999999216,1.0,0.0,0.0189527982810441,BTC_S2B1_lr0.001_clip0.2_ent0.01_ep8_bs16_cl32_gamma0.99_lam0.95_seed2,checkpoints/BTC/BTC_S2B1_lr0.001_clip0.2_ent0.01_ep8_bs16_cl32_gamma0.99_lam0.95_seed2/best.weights.h5,9,-18.222332875134082
BTC,btc_q10,10.0,4320,0.25,0.05,buy,BTC_PPO_3,2026-01-17_steps_5s.parquet,/Users/jackfletcher/Desktop/FYP_Data/Replay_5s_BTC/January/2026-01-17_steps_5s.parquet,4382,200,-9.543671802956283e-07,9.99999999999942,95253.31461582796,95243.95,0.90897700001718,5.84126324807505e-13,0.999999999999942,1.0,0.0,0.0095436718029563,BTC_S2B1_lr0.001_clip0.2_ent0.01_ep8_bs16_cl32_gamma0.999_lam0.95_seed2,checkpoints/BTC/BTC_S2B1_lr0.001_clip0.2_ent0.01_ep8_bs16_cl32_gamma0.999_lam0.95_seed2/best.weights.h5,0,0.9832242182268706
BTC,btc_q10,10.0,4320,0.25,0.05,buy,BTC_PPO_3,2026-01-17_steps_5s.parquet,/Users/jackfletcher/Desktop/FYP_Data/Replay_5s_BTC/January/2026-01-17_steps_5s.parquet,745,210,-1.6537077203614025e-06,9.99999999999903,95488.29925584716,95496.55,1.5792338200287874,9.61519302265334e-13,0.999999999999903,1.0,0.0,0.016537077203614,BTC_S2B1_lr0.001_clip0.2_ent0.01_ep8_bs16_cl32_gamma0.999_lam0.95_seed2,checkpoints/BTC/BTC_S2B1_lr0.001_clip0.2_ent0.01_ep8_bs16_cl32_gamma0.999_lam0.95_seed2/best.weights.h5,1,-0.863983479282053
BTC,btc_q10,10.0,4320,0.25,0.05,buy,BTC_PPO_3,2026-01-13_steps_5s.parquet,/Users/jackfletcher/Desktop/FYP_Data/Replay_5s_BTC/January/2026-01-13_steps_5s.parquet,1052,292,-4.8888594040499915e-06,9.99999999999926,91203.53577567457,91305.65,4.463804856453967,7.446115338405094e-13,0.999999999999926,1.0,0.0,0.0488885940404998,BTC_S2B1_lr0.001_clip0.2_ent0.01_ep8_bs16_cl32_gamma0.999_lam0.95_seed2,checkpoints/BTC/BTC_S2B1_lr0.001_clip0.2_ent0.01_ep8_bs16_cl32_gamma0.999_lam0.95_seed2/best.weights.h5,2,-11.183779352693831
BTC,btc_q10,10.0,4320,0.25,0.05,buy,BTC_PPO_3,2026-01-23_steps_5s.parquet,/Users/jackfletcher/Desktop/FYP_Data/Replay_5s_BTC/January/2026-01-23_steps_5s.parquet,1350,225,-8.830824723993081e-07,9.99999999999926,89885.56213844114,89830.65,0.793278724992369,7.366066667373024e-13,0.999999999999926,1.0,0.0,0.008830824723993,BTC_S2B1_lr0.001_clip0.2_ent0.01_ep8_bs16_cl32_gamma0.999_lam0.95_seed2,checkpoints/BTC/BTC_S2B1_lr0.001_clip0.2_ent0.01_ep8_bs16_cl32_gamma0.999_lam0.95_seed2/best.weights.h5,3,6.112851063767322
BTC,btc_q10,10.0,4320,0.25,0.05,buy,BTC_PPO_3,2026-01-18_steps_5s.parquet,/Users/jackfletcher/Desktop/FYP_Data/Replay_5s_BTC/January/2026-01-18_steps_5s.parquet,1398,219,-1.913634043479217e-06,9.999999999999323,94989.94211975818,94935.95,1.8167266587004072,6.78533063602887e-13,0.9999999999999324,1.0,0.0,0.0191363404347921,BTC_S2B1_lr0.001_clip0.2_ent0.01_ep8_bs16_cl32_gamma0.999_lam0.95_seed2,checkpoints/BTC/BTC_S2B1_lr0.001_clip0.2_ent0.01_ep8_bs16_cl32_gamma0.999_lam0.95_seed2/best.weights.h5,4,5.687215407670768
BTC,btc_q10,10.0,4320,0.25,0.05,buy,BTC_PPO_3,2026-01-20_steps_5s.parquet,/Users/jackfletcher/Desktop/FYP_Data/Replay_5s_BTC/January/2026-01-20_steps_5s.parquet,12107,287,-1.3329787973525964e-06,9.999999999999272,90163.8366458933,90061.85,1.2005053650034996,7.347366396971306e-13,0.9999999999999274,1.0,0.0,0.0133297879735259,BTC_S2B1_lr0.001_clip0.2_ent0.01_ep8_bs16_cl32_gamma0.999_lam0.95_seed2,checkpoints/BTC/BTC_S2B1_lr0.001_clip0.2_ent0.01_ep8_bs16_cl32_gamma0.999_lam0.95_seed2/best.weights.h5,5,11.324067392941144
BTC,btc_q10,10.0,4320,0.25,0.05,buy,BTC_PPO_3,2026-01-11_steps_5s.parquet,/Users/jackfletcher/Desktop/FYP_Data/Replay_5s_BTC/January/2026-01-11_steps_5s.parquet,7696,272,-8.277460890565469e-07,9.999999999999028,90714.61891830363,90734.95,0.7510550000324135,9.639350086103136e-13,0.9999999999999029,1.0,0.0,0.0082774608905654,BTC_S2B1_lr0.001_clip0.2_ent0.01_ep8_bs16_cl32_gamma0.999_lam0.95_seed2,checkpoints/BTC/BTC_S2B1_lr0.001_clip0.2_ent0.01_ep8_bs16_cl32_gamma0.999_lam0.95_seed2/best.weights.h5,6,-2.240711180902616
BTC,btc_q10,10.0,4320,0.25,0.05,buy,BTC_PPO_3,2026-01-17_steps_5s.parquet,/Users/jackfletcher/Desktop/FYP_Data/Replay_5s_BTC/January/2026-01-17_steps_5s.parquet,2505,223,-5.246449334250609e-07,9.999999999999083,95292.17938683213,95302.55,0.4999999999998851,9.20963003560018e-13,0.9999999999999084,1.0,0.0,0.0052464493342506,BTC_S2B1_lr0.001_clip0.2_ent0.01_ep8_bs16_cl32_gamma0.999_lam0.95_seed2,checkpoints/BTC/BTC_S2B1_lr0.001_clip0.2_ent0.01_ep8_bs16_cl32_gamma0.999_lam0.95_seed2/best.weights.h5,7,-1.0881779310078596
BTC,btc_q10,10.0,4320,0.25,0.05,buy,BTC_PPO_3,2026-01-31_steps_5s.parquet,/Users/jackfletcher/Desktop/FYP_Data/Replay_5s_BTC/January/2026-01-31_steps_5s.parquet,4432,291,-2.605755865773072e-06,9.99999999999918,83925.72505500409,83999.05,2.188810172568654,8.176453697596557e-13,0.999999999999918,1.0,0.0,0.0260575586577307,BTC_S2B1_lr0.001_clip0.2_ent0.01_ep8_bs16_cl32_gamma0.999_lam0.95_seed2,checkpoints/BTC/BTC_S2B1_lr0.001_clip0.2_ent0.01_ep8_bs16_cl32_gamma0.999_lam0.95_seed2/best.weights.h5,8,-8.729258842321574
BTC,btc_q10,10.0,4320,0.25,0.05,buy,BTC_PPO_3,2026-01-15_steps_5s.parquet,/Users/jackfletcher/Desktop/FYP_Data/Replay_5s_BTC/January/2026-01-15_steps_5s.parquet,172,341,-1.8952798281030733e-06,9.999999999999226,96753.47797902844,96930.05,1.8370956850202216,7.733999082675461e-13,0.9999999999999224,1.0,0.0,0.0189527982810307,BTC_S2B1_lr0.001_clip0.2_ent0.01_ep8_bs16_cl32_gamma0.999_lam0.95_seed2,checkpoints/BTC/BTC_S2B1_lr0.001_clip0.2_ent0.01_ep8_bs16_cl32_gamma0.999_lam0.95_seed2/best.weights.h5,9,-18.216437623994366
BTC,btc_q25,25.0,4320,0.25,0.05,buy,TWAP,2026-01-21_steps_5s.parquet,/Users/jackfletcher/Desktop/FYP_Data/Replay_5s_BTC/January/2026-01-21_steps_5s.parquet,4407,4320,-7.869664066236786e-07,25.000000000000007,89245.75478280376,89826.95,1.767269801486621,0.0,1.0000000000000002,1.0,1.0,0.0078696640662367,TWAP,,0,-64.70165325620351
BTC,btc_q25,25.0,4320,0.25,0.05,buy,TWAP,2026-01-08_steps_5s.parquet,/Users/jackfletcher/Desktop/FYP_Data/Replay_5s_BTC/January/2026-01-08_steps_5s.parquet,10297,4320,-7.740425083799945e-07,24.999999999999915,90746.28188365891,89861.55,1.738916489222859,0.0,0.9999999999999966,1.0,1.0,0.0077404250837999,TWAP,,1,98.45499923592583
BTC,btc_q25,25.0,4320,0.25,0.05,buy,TWAP,2026-01-18_steps_5s.parquet,/Users/jackfletcher/Desktop/FYP_Data/Replay_5s_BTC/January/2026-01-18_steps_5s.parquet,856,4320,-4.948297589974866e-07,18.438403140640904,95106.147466315,94888.95,1.17384690650061,6.561596859358948,0.7375361256256362,0.0,1.0,0.0049482975899748,TWAP,,2,22.88964798482891
BTC,btc_q25,25.0,4320,0.25,0.05,buy,TWAP,2026-01-10_steps_5s.parquet,/Users/jackfletcher/Desktop/FYP_Data/Replay_5s_BTC/January/2026-01-10_steps_5s.parquet,3263,4320,-1.043227813367909e-06,20.077387672998807,90672.0963946764,90539.05,2.3613213788976957,4.922612327001289,0.8030955069199522,0.0,1.0,0.010432278133679,TWAP,,3,14.694918344779637
BTC,btc_q25,25.0,4320,0.25,0.05,buy,TWAP,2026-01-28_steps_5s.parquet,/Users/jackfletcher/Desktop/FYP_Data/Replay_5s_BTC/January/2026-01-28_steps_5s.parquet,9699,4320,-9.630055599697294e-07,25.0,89680.90968912709,90150.55,2.170387022108233,0.0,1.0,1.0,1.0,0.0096300555996973,TWAP,,4,-52.09511321593864
BTC,btc_q25,25.0,4320,0.25,0.05,buy,TWAP,2026-01-12_steps_5s.parquet,/Users/jackfletcher/Desktop/FYP_Data/Replay_5s_BTC/January/2026-01-12_steps_5s.parquet,5349,4320,-1.050407713959362e-06,23.107159691568803,90833.14642334552,91772.55,2.409964861243037,1.8928403084311285,0.9242863876627522,0.0,1.0,0.0105040771395936,TWAP,,5,-102.36215258859909
BTC,btc_q25,25.0,4320,0.25,0.05,buy,TWAP,2026-01-20_steps_5s.parquet,/Users/jackfletcher/Desktop/FYP_Data/Replay_5s_BTC/January/2026-01-20_steps_5s.parquet,9376,4320,-7.994776581017948e-07,24.999999999999993,90352.25954754144,91285.95,1.824526938089937,0.0,0.9999999999999996,1.0,1.0,0.0079947765810179,TWAP,,6,-102.2819450812042
BTC,btc_q25,25.0,4320,0.25,0.05,buy,TWAP,2026-01-27_steps_5s.parquet,/Users/jackfletcher/Desktop/FYP_Data/Replay_5s_BTC/January/2026-01-27_steps_5s.parquet,668,4320,-1.7043917546162765e-06,24.238074902449995,88549.29376869665,88333.75,3.763882878858389,0.7619250975500573,0.9695229960979996,0.0,1.0,0.0170439175461627,TWAP,,7,24.401066262515407
BTC,btc_q25,25.0,4320,0.25,0.05,buy,TWAP,2026-01-11_steps_5s.parquet,/Users/jackfletcher/Desktop/FYP_Data/Replay_5s_BTC/January/2026-01-11_steps_5s.parquet,10543,4320,-1.0297683192587476e-06,22.680329086157087,90798.77668656327,91032.25,2.3435531770210547,2.319670913842769,0.9072131634462834,0.0,1.0,0.0102976831925874,TWAP,,8,-25.647318772932344
BTC,btc_q25,25.0,4320,0.25,0.05,buy,TWAP,2026-01-19_steps_5s.parquet,/Users/jackfletcher/Desktop/FYP_Data/Replay_5s_BTC/January/2026-01-19_steps_5s.parquet,4001,4320,-1.1896737742723892e-06,23.029843405022635,92912.40512060096,92689.45,2.756755195418294,1.9701565949773243,0.9211937362009054,0.0,1.0,0.0118967377427238,TWAP,,9,24.053991106966727
BTC,btc_q25,25.0,4320,0.25,0.05,buy,BTC_PPO_1,2026-01-21_steps_5s.parquet,/Users/jackfletcher/Desktop/FYP_Data/Replay_5s_BTC/January/2026-01-21_steps_5s.parquet,4407,695,-7.762322999913619e-07,24.999999999999215,89727.76757093922,89826.95,1.7431644999927258,7.648476149345622e-13,0.9999999999999686,1.0,0.0,0.0077623229999136,BTC_S2B3_lr0.001_clip0.2_ent0.005_ep8_bs16_cl32_gamma0.99_lam0.9_seed2,checkpoints/BTC/BTC_S2B3_lr0.001_clip0.2_ent0.005_ep8_bs16_cl32_gamma0.99_lam0.9_seed2/best.weights.h5,0,-11.041500246949996
BTC,btc_q25,25.0,4320,0.25,0.05,buy,BTC_PPO_1,2026-01-08_steps_5s.parquet,/Users/jackfletcher/Desktop/FYP_Data/Replay_5s_BTC/January/2026-01-08_steps_5s.parquet,10297,445,-4.658567311387045e-06,24.99999999999914,89645.37332253554,89861.55,10.46565198451431,8.732419638728264e-13,0.9999999999999656,1.0,0.0,0.0465856731138704,BTC_S2B3_lr0.001_clip0.2_ent0.005_ep8_bs16_cl32_gamma0.99_lam0.9_seed2,checkpoints/BTC/BTC_S2B3_lr0.001_clip0.2_ent0.005_ep8_bs16_cl32_gamma0.99_lam0.9_seed2/best.weights.h5,1,-24.056637957442735
BTC,btc_q25,25.0,4320,0.25,0.05,buy,BTC_PPO_1,2026-01-18_steps_5s.parquet,/Users/jackfletcher/Desktop/FYP_Data/Replay_5s_BTC/January/2026-01-18_steps_5s.parquet,856,531,-1.4386256587520869e-06,24.9999999999994,94996.28096530469,94888.95,3.4127419550510907,6.316568847493647e-13,0.999999999999976,1.0,0.0,0.0143862565875208,BTC_S2B3_lr0.001_clip0.2_ent0.005_ep8_bs16_cl32_gamma0.99_lam0.9_seed2,checkpoints/BTC/BTC_S2B3_lr0.001_clip0.2_ent0.005_ep8_bs16_cl32_gamma0.99_lam0.9_seed2/best.weights.h5,2,11.311218567039578
BTC,btc_q25,25.0,4320,0.25,0.05,buy,BTC_PPO_1,2026-01-10_steps_5s.parquet,/Users/jackfletcher/Desktop/FYP_Data/Replay_5s_BTC/January/2026-01-10_steps_5s.parquet,3263,401,-2.8310955637191987e-06,24.99999999999933,90496.7654095049,90539.05,6.408117569958774,7.022531659973129e-13,0.9999999999999732,1.0,0.0,0.028310955637192,BTC_S2B3_lr0.001_clip0.2_ent0.005_ep8_bs16_cl32_gamma0.99_lam0.9_seed2,checkpoints/BTC/BTC_S2B3_lr0.001_clip0.2_ent0.005_ep8_bs16_cl32_gamma0.99_lam0.9_seed2/best.weights.h5,3,-4.670315239127208
BTC,btc_q25,25.0,4320,0.25,0.05,buy,BTC_PPO_1,2026-01-28_steps_5s.parquet,/Users/jackfletcher/Desktop/FYP_Data/Replay_5s_BTC/January/2026-01-28_steps_5s.parquet,9699,829,-1.5201135050109384e-06,24.999999999999236,90217.70435077744,90150.55,3.425976713479102,7.349374754343226e-13,0.9999999999999696,1.0,0.0,0.0152011350501094,BTC_S2B3_lr0.001_clip0.2_ent0.005_ep8_bs16_cl32_gamma0.99_lam0.9_seed2,checkpoints/BTC/BTC_S2B3_lr0.001_clip0.2_ent0.005_ep8_bs16_cl32_gamma0.99_lam0.9_seed2/best.weights.h5,4,7.44913378536605
BTC,btc_q25,25.0,4320,0.25,0.05,buy,BTC_PPO_1,2026-01-12_steps_5s.parquet,/Users/jackfletcher/Desktop/FYP_Data/Replay_5s_BTC/January/2026-01-12_steps_5s.parquet,5349,878,-2.5874766006860103e-06,24.999999999999226,91538.13916613346,91772.55,5.936483142757183,7.98623485054713e-13,0.999999999999969,1.0,0.0,0.0258747660068601,BTC_S2B3_lr0.001_clip0.2_ent0.005_ep8_bs16_cl32_gamma0.99_lam0.9_seed2,checkpoints/BTC/BTC_S2B3_lr0.001_clip0.2_ent0.005_ep8_bs16_cl32_gamma0.99_lam0.9_seed2/best.weights.h5,5,-25.542586957269812
BTC,btc_q25,25.0,4320,0.25,0.05,buy,BTC_PPO_1,2026-01-20_steps_5s.parquet,/Users/jackfletcher/Desktop/FYP_Data/Replay_5s_BTC/January/2026-01-20_steps_5s.parquet,9376,667,-1.1112941980754236e-06,24.999999999999243,90985.9427680704,91285.95,2.536138665020084,7.871837423265015e-13,0.9999999999999696,1.0,0.0,0.0111129419807542,BTC_S2B3_lr0.001_clip0.2_ent0.005_ep8_bs16_cl32_gamma0.99_lam0.9_seed2,checkpoints/BTC/BTC_S2B3_lr0.001_clip0.2_ent0.005_ep8_bs16_cl32_gamma0.99_lam0.9_seed2/best.weights.h5,6,-32.86455713388549
BTC,btc_q25,25.0,4320,0.25,0.05,buy,BTC_PPO_1,2026-01-27_steps_5s.parquet,/Users/jackfletcher/Desktop/FYP_Data/Replay_5s_BTC/January/2026-01-27_steps_5s.parquet,668,512,-1.3010948865681198e-06,24.999999999999105,88303.03307822009,88333.75,2.8732647609096635,8.939588849682304e-13,0.999999999999964,1.0,0.0,0.0130109488656811,BTC_S2B3_lr0.001_clip0.2_ent0.005_ep8_bs16_cl32_gamma0.99_lam0.9_seed2,checkpoints/BTC/BTC_S2B3_lr0.001_clip0.2_ent0.005_ep8_bs16_cl32_gamma0.99_lam0.9_seed2/best.weights.h5,7,-3.477370968617224
BTC,btc_q25,25.0,4320,0.25,0.05,buy,BTC_PPO_1,2026-01-11_steps_5s.parquet,/Users/jackfletcher/Desktop/FYP_Data/Replay_5s_BTC/January/2026-01-11_steps_5s.parquet,10543,672,-1.178944242316514e-06,24.99999999999944,91018.35510080228,91032.25,2.683048675065439,5.213545286202522e-13,0.9999999999999776,1.0,0.0,0.0117894424231651,BTC_S2B3_lr0.001_clip0.2_ent0.005_ep8_bs16_cl32_gamma0.99_lam0.9_seed2,checkpoints/BTC/BTC_S2B3_lr0.001_clip0.2_ent0.005_ep8_bs16_cl32_gamma0.99_lam0.9_seed2/best.weights.h5,8,-1.5263710605552576
BTC,btc_q25,25.0,4320,0.25,0.05,buy,BTC_PPO_1,2026-01-19_steps_5s.parquet,/Users/jackfletcher/Desktop/FYP_Data/Replay_5s_BTC/January/2026-01-19_steps_5s.parquet,4001,816,-3.057813687826698e-06,24.999999999999307,92558.29009379064,92689.45,7.085676723178221,7.072770974913668e-13,0.9999999999999722,1.0,0.0,0.030578136878267,BTC_S2B3_lr0.001_clip0.2_ent0.005_ep8_bs16_cl32_gamma0.99_lam0.9_seed2,checkpoints/BTC/BTC_S2B3_lr0.001_clip0.2_ent0.005_ep8_bs16_cl32_gamma0.99_lam0.9_seed2/best.weights.h5,9,-14.150467632439202
BTC,btc_q25,25.0,4320,0.25,0.05,buy,BTC_PPO_2,2026-01-21_steps_5s.parquet,/Users/jackfletcher/Desktop/FYP_Data/Replay_5s_BTC/January/2026-01-21_steps_5s.parquet,4407,707,-7.762322999914049e-07,24.999999999999076,89727.74238450133,89826.95,1.7431644999928224,9.061590900016748e-13,0.999999999999963,1.0,0.0,0.007762322999914,BTC_S2B1_lr0.001_clip0.2_ent0.01_ep8_bs16_cl32_gamma0.99_lam0.95_seed2,checkpoints/BTC/BTC_S2B1_lr0.001_clip0.2_ent0.01_ep8_bs16_cl32_gamma0.99_lam0.95_seed2/best.weights.h5,0,-11.04430413129597
BTC,btc_q25,25.0,4320,0.25,0.05,buy,BTC_PPO_2,2026-01-08_steps_5s.parquet,/Users/jackfletcher/Desktop/FYP_Data/Replay_5s_BTC/January/2026-01-08_steps_5s.parquet,10297,423,-4.6579771570957056e-06,24.9999999999992,89644.74286012413,89861.55,10.464326180030334,8.334199453748328e-13,0.999999999999968,1.0,0.0,0.046579771570957,BTC_S2B1_lr0.001_clip0.2_ent0.01_ep8_bs16_cl32_gamma0.99_lam0.95_seed2,checkpoints/BTC/BTC_S2B1_lr0.001_clip0.2_ent0.01_ep8_bs16_cl32_gamma0.99_lam0.95_seed2/best.weights.h5,1,-24.12679726488989
BTC,btc_q25,25.0,4320,0.25,0.05,buy,BTC_PPO_2,2026-01-18_steps_5s.parquet,/Users/jackfletcher/Desktop/FYP_Data/Replay_5s_BTC/January/2026-01-18_steps_5s.parquet,856,540,-1.438625658752084e-06,24.999999999999257,94996.28268767684,94888.95,3.4127419550510862,7.649451012776045e-13,0.9999999999999702,1.0,0.0,0.0143862565875208,BTC_S2B1_lr0.001_clip0.2_ent0.01_ep8_bs16_cl32_gamma0.99_lam0.95_seed2,checkpoints/BTC/BTC_S2B1_lr0.001_clip0.2_ent0.01_ep8_bs16_cl32_gamma0.99_lam0.95_seed2/best.weights.h5,2,11.311400081552234
BTC,btc_q25,25.0,4320,0.25,0.05,buy,BTC_PPO_2,2026-01-10_steps_5s.parquet,/Users/jackfletcher/Desktop/FYP_Data/Replay_5s_BTC/January/2026-01-10_steps_5s.parquet,3263,415,-2.831095563719219e-06,24.99999999999913,90496.7615229205,90539.05,6.408117569958818,9.026021717689385e-13,0.999999999999965,1.0,0.0,0.0283109556371922,BTC_S2B1_lr0.001_clip0.2_ent0.01_ep8_bs16_cl32_gamma0.99_lam0.95_seed2,checkpoints/BTC/BTC_S2B1_lr0.001_clip0.2_ent0.01_ep8_bs16_cl32_gamma0.99_lam0.95_seed2/best.weights.h5,3,-4.6707445107394285
BTC,btc_q25,25.0,4320,0.25,0.05,buy,BTC_PPO_2,2026-01-28_steps_5s.parquet,/Users/jackfletcher/Desktop/FYP_Data/Replay_5s_BTC/January/2026-01-28_steps_5s.parquet,9699,830,-1.521614993111618e-06,24.999999999999268,90217.71597650825,90150.55,3.4293607129314694,6.96022293627121e-13,0.9999999999999708,1.0,0.0,0.0152161499311162,BTC_S2B1_lr0.001_clip0.2_ent0.01_ep8_bs16_cl32_gamma0.99_lam0.95_seed2,checkpoints/BTC/BTC_S2B1_lr0.001_clip0.2_ent0.01_ep8_bs16_cl32_gamma0.99_lam0.95_seed2/best.weights.h5,4,7.450423376035316
BTC,btc_q25,25.0,4320,0.25,0.05,buy,BTC_PPO_2,2026-01-12_steps_5s.parquet,/Users/jackfletcher/Desktop/FYP_Data/Replay_5s_BTC/January/2026-01-12_steps_5s.parquet,5349,870,-2.5874766009567627e-06,24.999999999999215,91538.4325252936,91772.55,5.936483143378363,8.269409595411258e-13,0.9999999999999686,1.0,0.0,0.0258747660095676,BTC_S2B1_lr0.001_clip0.2_ent0.01_ep8_bs16_cl32_gamma0.99_lam0.95_seed2,checkpoints/BTC/BTC_S2B1_lr0.001_clip0.2_ent0.01_ep8_bs16_cl32_gamma0.99_lam0.95_seed2/best.weights.h5,5,-25.51062106331435
BTC,btc_q25,25.0,4320,0.25,0.05,buy,BTC_PPO_2,2026-01-20_steps_5s.parquet,/Users/jackfletcher/Desktop/FYP_Data/Replay_5s_BTC/January/2026-01-20_steps_5s.parquet,9376,678,-1.1112941980754043e-06,24.999999999999208,90986.02250694692,91285.95,2.536138665020037,8.167867860904063e-13,0.9999999999999684,1.0,0.0,0.011112941980754,BTC_S2B1_lr0.001_clip0.2_ent0.01_ep8_bs16_cl32_gamma0.99_lam0.95_seed2,checkpoints/BTC/BTC_S2B1_lr0.001_clip0.2_ent0.01_ep8_bs16_cl32_gamma0.99_lam0.95_seed2/best.weights.h5,6,-32.8558220682461
BTC,btc_q25,25.0,4320,0.25,0.05,buy,BTC_PPO_2,2026-01-27_steps_5s.parquet,/Users/jackfletcher/Desktop/FYP_Data/Replay_5s_BTC/January/2026-01-27_steps_5s.parquet,668,522,-1.3010953947619776e-06,24.99999999999909,88303.28501880364,88333.75,2.873265883176397,9.143381197190726e-13,0.9999999999999636,1.0,0.0,0.0130109539476197,BTC_S2B1_lr0.001_clip0.2_ent0.01_ep8_bs16_cl32_gamma0.99_lam0.95_seed2,checkpoints/BTC/BTC_S2B1_lr0.001_clip0.2_ent0.01_ep8_bs16_cl32_gamma0.99_lam0.95_seed2/best.weights.h5,7,-3.4488495276562916
BTC,btc_q25,25.0,4320,0.25,0.05,buy,BTC_PPO_2,2026-01-11_steps_5s.parquet,/Users/jackfletcher/Desktop/FYP_Data/Replay_5s_BTC/January/2026-01-11_steps_5s.parquet,10543,682,-1.179924582782428e-06,24.99999999999917,91018.34670793364,91032.25,2.6852797400248942,7.880564766458253e-13,0.9999999999999668,1.0,0.0,0.0117992458278242,BTC_S2B1_lr0.001_clip0.2_ent0.01_ep8_bs16_cl32_gamma0.99_lam0.95_seed2,checkpoints/BTC/BTC_S2B1_lr0.001_clip0.2_ent0.01_ep8_bs16_cl32_gamma0.99_lam0.95_seed2/best.weights.h5,8,-1.5272930270711123
BTC,btc_q25,25.0,4320,0.25,0.05,buy,BTC_PPO_2,2026-01-19_steps_5s.parquet,/Users/jackfletcher/Desktop/FYP_Data/Replay_5s_BTC/January/2026-01-19_steps_5s.parquet,4001,831,-2.9909199952959497e-06,24.999999999999243,92558.28747945956,92689.45,6.930668233949623,7.816805467172213e-13,0.9999999999999696,1.0,0.0,0.0299091999529595,BTC_S2B1_lr0.001_clip0.2_ent0.01_ep8_bs16_cl32_gamma0.99_lam0.95_seed2,checkpoints/BTC/BTC_S2B1_lr0.001_clip0.2_ent0.01_ep8_bs16_cl32_gamma0.99_lam0.95_seed2/best.weights.h5,9,-14.150749685152045
BTC,btc_q25,25.0,4320,0.25,0.05,buy,BTC_PPO_3,2026-01-21_steps_5s.parquet,/Users/jackfletcher/Desktop/FYP_Data/Replay_5s_BTC/January/2026-01-21_steps_5s.parquet,4407,700,-7.762322999914028e-07,24.999999999999243,89727.81757138396,89826.95,1.743164499992818,7.364295793753974e-13,0.9999999999999696,1.0,0.0,0.007762322999914,BTC_S2B1_lr0.001_clip0.2_ent0.01_ep8_bs16_cl32_gamma0.999_lam0.95_seed2,checkpoints/BTC/BTC_S2B1_lr0.001_clip0.2_ent0.01_ep8_bs16_cl32_gamma0.999_lam0.95_seed2/best.weights.h5,0,-11.035933939206211
BTC,btc_q25,25.0,4320,0.25,0.05,buy,BTC_PPO_3,2026-01-08_steps_5s.parquet,/Users/jackfletcher/Desktop/FYP_Data/Replay_5s_BTC/January/2026-01-08_steps_5s.parquet,10297,434,-4.658585736237345e-06,24.999999999999055,89645.1277736444,89861.55,10.465693376654484,9.811225901073317e-13,0.9999999999999624,1.0,0.0,0.0465858573623735,BTC_S2B1_lr0.001_clip0.2_ent0.01_ep8_bs16_cl32_gamma0.999_lam0.95_seed2,checkpoints/BTC/BTC_S2B1_lr0.001_clip0.2_ent0.01_ep8_bs16_cl32_gamma0.999_lam0.95_seed2/best.weights.h5,1,-24.083963202904943
BTC,btc_q25,25.0,4320,0.25,0.05,buy,BTC_PPO_3,2026-01-18_steps_5s.parquet,/Users/jackfletcher/Desktop/FYP_Data/Replay_5s_BTC/January/2026-01-18_steps_5s.parquet,856,534,-1.43862565875208e-06,24.999999999999055,94996.28045138324,94888.95,3.4127419550510765,9.573101643032771e-13,0.9999999999999624,1.0,0.0,0.0143862565875207,BTC_S2B1_lr0.001_clip0.2_ent0.01_ep8_bs16_cl32_gamma0.999_lam0.95_seed2,checkpoints/BTC/BTC_S2B1_lr0.001_clip0.2_ent0.01_ep8_bs16_cl32_gamma0.999_lam0.95_seed2/best.weights.h5,2,11.311164406734491
BTC,btc_q25,25.0,4320,0.25,0.05,buy,BTC_PPO_3,2026-01-10_steps_5s.parquet,/Users/jackfletcher/Desktop/FYP_Data/Replay_5s_BTC/January/2026-01-10_steps_5s.parquet,3263,404,-2.8310955637192284e-06,24.999999999999357,90496.75174704348,90539.05,6.4081175699588355,6.592469477961582e-13,0.9999999999999742,1.0,0.0,0.0283109556371922,BTC_S2B1_lr0.001_clip0.2_ent0.01_ep8_bs16_cl32_gamma0.999_lam0.95_seed2,checkpoints/BTC/BTC_S2B1_lr0.001_clip0.2_ent0.01_ep8_bs16_cl32_gamma0.999_lam0.95_seed2/best.weights.h5,3,-4.671824252244718
BTC,btc_q25,25.0,4320,0.25,0.05,buy,BTC_PPO_3,2026-01-28_steps_5s.parquet,/Users/jackfletcher/Desktop/FYP_Data/Replay_5s_BTC/January/2026-01-28_steps_5s.parquet,9699,836,-1.5216166248717872e-06,24.99999999999904,90217.75149598066,90150.55,3.4293643905333893,9.303952912852686e-13,0.9999999999999616,1.0,0.0,0.0152161662487179,BTC_S2B1_lr0.001_clip0.2_ent0.01_ep8_bs16_cl32_gamma0.999_lam0.95_seed2,checkpoints/BTC/BTC_S2B1_lr0.001_clip0.2_ent0.01_ep8_bs16_cl32_gamma0.999_lam0.95_seed2/best.weights.h5,4,7.4543633933076086
BTC,btc_q25,25.0,4320,0.25,0.05,buy,BTC_PPO_3,2026-01-12_steps_5s.parquet,/Users/jackfletcher/Desktop/FYP_Data/Replay_5s_BTC/January/2026-01-12_steps_5s.parquet,5349,881,-2.587476600832025e-06,24.999999999999215,91538.38856101027,91772.55,5.936483143092173,8.008785762369877e-13,0.9999999999999686,1.0,0.0,0.0258747660083202,BTC_S2B1_lr0.001_clip0.2_ent0.01_ep8_bs16_cl32_gamma0.999_lam0.95_seed2,checkpoints/BTC/BTC_S2B1_lr0.001_clip0.2_ent0.01_ep8_bs16_cl32_gamma0.999_lam0.95_seed2/best.weights.h5,5,-25.51541163340558
BTC,btc_q25,25.0,4320,0.25,0.05,buy,BTC_PPO_3,2026-01-20_steps_5s.parquet,/Users/jackfletcher/Desktop/FYP_Data/Replay_5s_BTC/January/2026-01-20_steps_5s.parquet,9376,671,-1.1112941980754166e-06,24.999999999999066,90985.92271823352,91285.95,2.536138665020069,9.586821530047446e-13,0.9999999999999626,1.0,0.0,0.0111129419807541,BTC_S2B1_lr0.001_clip0.2_ent0.01_ep8_bs16_cl32_gamma0.999_lam0.95_seed2,checkpoints/BTC/BTC_S2B1_lr0.001_clip0.2_ent0.01_ep8_bs16_cl32_gamma0.999_lam0.95_seed2/best.weights.h5,6,-32.86675351097084
BTC,btc_q25,25.0,4320,0.25,0.05,buy,BTC_PPO_3,2026-01-27_steps_5s.parquet,/Users/jackfletcher/Desktop/FYP_Data/Replay_5s_BTC/January/2026-01-27_steps_5s.parquet,668,506,-1.3010948816301572e-06,24.999999999999012,88303.058309012,88333.75,2.8732647500049477,9.82250158854055e-13,0.9999999999999604,1.0,0.0,0.0130109488163015,BTC_S2B1_lr0.001_clip0.2_ent0.01_ep8_bs16_cl32_gamma0.999_lam0.95_seed2,checkpoints/BTC/BTC_S2B1_lr0.001_clip0.2_ent0.01_ep8_bs16_cl32_gamma0.999_lam0.95_seed2/best.weights.h5,7,-3.474514666024556
BTC,btc_q25,25.0,4320,0.25,0.05,buy,BTC_PPO_3,2026-01-11_steps_5s.parquet,/Users/jackfletcher/Desktop/FYP_Data/Replay_5s_BTC/January/2026-01-11_steps_5s.parquet,10543,674,-1.1784879474703883e-06,24.99999999999937,91018.37343622942,91032.25,2.6820102364027836,6.077523027984472e-13,0.9999999999999748,1.0,0.0,0.0117848794747038,BTC_S2B1_lr0.001_clip0.2_ent0.01_ep8_bs16_cl32_gamma0.999_lam0.95_seed2,checkpoints/BTC/BTC_S2B1_lr0.001_clip0.2_ent0.01_ep8_bs16_cl32_gamma0.999_lam0.95_seed2/best.weights.h5,8,-1.524356892264017
BTC,btc_q25,25.0,4320,0.25,0.05,buy,BTC_PPO_3,2026-01-19_steps_5s.parquet,/Users/jackfletcher/Desktop/FYP_Data/Replay_5s_BTC/January/2026-01-19_steps_5s.parquet,4001,823,-3.1211340352020504e-06,24.999999999999392,92558.2916846322,92689.45,7.232404927478984,6.33536675000269e-13,0.9999999999999756,1.0,0.0,0.0312113403520205,BTC_S2B1_lr0.001_clip0.2_ent0.01_ep8_bs16_cl32_gamma0.999_lam0.95_seed2,checkpoints/BTC/BTC_S2B1_lr0.001_clip0.2_ent0.01_ep8_bs16_cl32_gamma0.999_lam0.95_seed2/best.weights.h5,9,-14.150296001086744
BTC,btc_q50,50.0,4320,0.25,0.05,buy,TWAP,2026-01-08_steps_5s.parquet,/Users/jackfletcher/Desktop/FYP_Data/Replay_5s_BTC/January/2026-01-08_steps_5s.parquet,5985,4320,-9.198976653918128e-07,44.74049483539441,90076.88571008042,90677.75,4.170712526399121,5.259505164605548,0.8948098967078881,0.0,1.0,0.0091989766539181,TWAP,,0,-66.26369643265122
BTC,btc_q50,50.0,4320,0.25,0.05,buy,TWAP,2026-01-26_steps_5s.parquet,/Users/jackfletcher/Desktop/FYP_Data/Replay_5s_BTC/January/2026-01-26_steps_5s.parquet,875,4320,-1.0409053575684194e-06,48.18972087801232,87739.14149505588,87398.05,4.548654924301621,1.8102791219876917,0.9637944175602464,0.0,1.0,0.0104090535756841,TWAP,,1,39.02735759617977
BTC,btc_q50,50.0,4320,0.25,0.05,buy,TWAP,2026-01-22_steps_5s.parquet,/Users/jackfletcher/Desktop/FYP_Data/Replay_5s_BTC/January/2026-01-22_steps_5s.parquet,7987,4320,-1.3141398332319378e-06,50.00000000000015,89385.38528218641,90076.05,5.9186262662596,0.0,1.0000000000000029,1.0,1.0,0.0131413983323194,TWAP,,2,-76.67573320695013
BTC,btc_q50,50.0,4320,0.25,0.05,buy,TWAP,2026-01-30_steps_5s.parquet,/Users/jackfletcher/Desktop/FYP_Data/Replay_5s_BTC/January/2026-01-30_steps_5s.parquet,9226,4320,-2.5351588594057155e-06,50.000000000000014,82967.31433238897,82813.85,10.497313275449809,0.0,1.0000000000000002,1.0,1.0,0.0253515885940571,TWAP,,3,18.53123993015194
BTC,btc_q50,50.0,4320,0.25,0.05,buy,TWAP,2026-01-22_steps_5s.parquet,/Users/jackfletcher/Desktop/FYP_Data/Replay_5s_BTC/January/2026-01-22_steps_5s.parquet,3246,4320,-5.518781169754469e-07,41.2760175761152,89997.34194759754,89943.95,2.4819048879666923,8.723982423885,0.8255203515223041,0.0,1.0,0.0055187811697544,TWAP,,4,5.936135515233846
BTC,btc_q50,50.0,4320,0.25,0.05,buy,TWAP,2026-01-10_steps_5s.parquet,/Users/jackfletcher/Desktop/FYP_Data/Replay_5s_BTC/January/2026-01-10_steps_5s.parquet,10333,4320,-7.222554802827554e-07,26.300495377031044,90622.76058027656,90645.55,3.2734622625372296,23.699504622968732,0.5260099075406209,0.0,1.0,0.0072225548028275,TWAP,,5,-2.5141244907711213
BTC,btc_q50,50.0,4320,0.25,0.05,buy,TWAP,2026-01-18_steps_5s.parquet,/Users/jackfletcher/Desktop/FYP_Data/Replay_5s_BTC/January/2026-01-18_steps_5s.parquet,1842,4320,-1.292775017581106e-06,37.043274717471014,95096.46737752909,94949.15,6.137394453028058,12.95672528252895,0.7408654943494203,0.0,1.0,0.012927750175811,TWAP,,6,15.51539719198039
BTC,btc_q50,50.0,4320,0.25,0.05,buy,TWAP,2026-01-09_steps_5s.parquet,/Users/jackfletcher/Desktop/FYP_Data/Replay_5s_BTC/January/2026-01-09_steps_5s.parquet,5162,4320,-1.1160837668219694e-06,42.4957810228871,90467.79684819432,91076.05,5.082425047563309,7.5042189771127426,0.849915620457742,0.0,1.0,0.0111608376682197,TWAP,,7,-66.78519235360761
BTC,btc_q50,50.0,4320,0.25,0.05,buy,TWAP,2026-01-08_steps_5s.parquet,/Users/jackfletcher/Desktop/FYP_Data/Replay_5s_BTC/January/2026-01-08_steps_5s.parquet,5638,4320,-8.901174607871549e-07,44.88960781517689,90137.87452974686,90469.25,4.026412954465897,5.110392184823093,0.8977921563035377,0.0,1.0,0.0089011746078715,TWAP,,8,-36.62851966310588
BTC,btc_q50,50.0,4320,0.25,0.05,buy,TWAP,2026-01-29_steps_5s.parquet,/Users/jackfletcher/Desktop/FYP_Data/Replay_5s_BTC/January/2026-01-29_steps_5s.parquet,3239,4320,-8.914992600172839e-07,40.850927227571454,88126.89750399876,88066.55,3.925563207863741,9.149072772428472,0.8170185445514291,0.0,1.0,0.0089149926001728,TWAP,,9,6.852488714359014
BTC,btc_q50,50.0,4320,0.25,0.05,buy,BTC_PPO_1,2026-01-08_steps_5s.parquet,/Users/jackfletcher/Desktop/FYP_Data/Replay_5s_BTC/January/2026-01-08_steps_5s.parquet,5985,1144,-1.1914053756384628e-06,49.9999999999994,90304.84364347758,90677.75,5.401697940040035,6.76783002363169e-13,0.999999999999988,1.0,0.0,0.0119140537563846,BTC_S2B3_lr0.001_clip0.2_ent0.005_ep8_bs16_cl32_gamma0.99_lam0.9_seed2,checkpoints/BTC/BTC_S2B3_lr0.001_clip0.2_ent0.005_ep8_bs16_cl32_gamma0.99_lam0.9_seed2/best.weights.h5,0,-41.12435040816744
BTC,btc_q50,50.0,4320,0.25,0.05,buy,BTC_PPO_1,2026-01-26_steps_5s.parquet,/Users/jackfletcher/Desktop/FYP_Data/Replay_5s_BTC/January/2026-01-26_steps_5s.parquet,875,1158,-2.6663275851217455e-06,49.99999999999917,87636.84143231812,87398.05,11.651591580042492,7.840086537052261e-13,0.9999999999999832,1.0,0.0,0.0266632758512174,BTC_S2B3_lr0.001_clip0.2_ent0.005_ep8_bs16_cl32_gamma0.99_lam0.9_seed2,checkpoints/BTC/BTC_S2B3_lr0.001_clip0.2_ent0.005_ep8_bs16_cl32_gamma0.99_lam0.9_seed2/best.weights.h5,1,27.32228377156213
BTC,btc_q50,50.0,4320,0.25,0.05,buy,BTC_PPO_1,2026-01-22_steps_5s.parquet,/Users/jackfletcher/Desktop/FYP_Data/Replay_5s_BTC/January/2026-01-22_steps_5s.parquet,7987,1501,-9.843339772442989e-07,49.9999999999991,90000.66033217152,90076.05,4.433245827547825,8.962792224895713e-13,0.999999999999982,1.0,0.0,0.009843339772443,BTC_S2B3_lr0.001_clip0.2_ent0.005_ep8_bs16_cl32_gamma0.99_lam0.9_seed2,checkpoints/BTC/BTC_S2B3_lr0.001_clip0.2_ent0.005_ep8_bs16_cl32_gamma0.99_lam0.9_seed2/best.weights.h5,2,-8.369557482647165
BTC,btc_q50,50.0,4320,0.25,0.05,buy,BTC_PPO_1,2026-01-30_steps_5s.parquet,/Users/jackfletcher/Desktop/FYP_Data/Replay_5s_BTC/January/2026-01-30_steps_5s.parquet,9226,1444,-3.772359082448513e-06,49.9999999999993,82886.67522898885,82813.85,15.620178960001445,7.726972679838027e-13,0.999999999999986,1.0,0.0,0.0377235908244851,BTC_S2B3_lr0.001_clip0.2_ent0.005_ep8_bs16_cl32_gamma0.99_lam0.9_seed2,checkpoints/BTC/BTC_S2B3_lr0.001_clip0.2_ent0.005_ep8_bs16_cl32_gamma0.99_lam0.9_seed2/best.weights.h5,3,8.793846559343372
BTC,btc_q50,50.0,4320,0.25,0.05,buy,BTC_PPO_1,2026-01-22_steps_5s.parquet,/Users/jackfletcher/Desktop/FYP_Data/Replay_5s_BTC/January/2026-01-22_steps_5s.parquet,3246,954,-1.1176588152925829e-06,49.999999999999346,90006.17515213502,89943.95,5.026332429986757,5.907759013571727e-13,0.9999999999999868,1.0,0.0,0.0111765881529258,BTC_S2B3_lr0.001_clip0.2_ent0.005_ep8_bs16_cl32_gamma0.99_lam0.9_seed2,checkpoints/BTC/BTC_S2B3_lr0.001_clip0.2_ent0.005_ep8_bs16_cl32_gamma0.99_lam0.9_seed2/best.weights.h5,4,6.918214302910457
BTC,btc_q50,50.0,4320,0.25,0.05,buy,BTC_PPO_1,2026-01-10_steps_5s.parquet,/Users/jackfletcher/Desktop/FYP_Data/Replay_5s_BTC/January/2026-01-10_steps_5s.parquet,10333,1231,-2.1249808402322204e-06,49.99999999999905,90615.61062213016,90645.55,9.631002850115598,9.725568665676417e-13,0.9999999999999808,1.0,0.0,0.0212498084023222,BTC_S2B3_lr0.001_clip0.2_ent0.005_ep8_bs16_cl32_gamma0.99_lam0.9_seed2,checkpoints/BTC/BTC_S2B3_lr0.001_clip0.2_ent0.005_ep8_bs16_cl32_gamma0.99_lam0.9_seed2/best.weights.h5,5,-3.302906526557912
BTC,btc_q50,50.0,4320,0.25,0.05,buy,BTC_PPO_1,2026-01-18_steps_5s.parquet,/Users/jackfletcher/Desktop/FYP_Data/Replay_5s_BTC/January/2026-01-18_steps_5s.parquet,1842,1185,-1.8504652543052504e-06,49.99999999999928,95091.6062359887,94949.15,8.785005150040835,7.476658684158045e-13,0.9999999999999856,1.0,0.0,0.0185046525430524,BTC_S2B3_lr0.001_clip0.2_ent0.005_ep8_bs16_cl32_gamma0.99_lam0.9_seed2,checkpoints/BTC/BTC_S2B3_lr0.001_clip0.2_ent0.005_ep8_bs16_cl32_gamma0.99_lam0.9_seed2/best.weights.h5,6,15.00342404210105
BTC,btc_q50,50.0,4320,0.25,0.05,buy,BTC_PPO_1,2026-01-09_steps_5s.parquet,/Users/jackfletcher/Desktop/FYP_Data/Replay_5s_BTC/January/2026-01-09_steps_5s.parquet,5162,1382,-3.867272896978996e-06,49.99999999999941,90558.10509117453,91076.05,17.610796986445198,5.192909943965427e-13,0.9999999999999882,1.0,0.0,0.0386727289697899,BTC_S2B3_lr0.001_clip0.2_ent0.005_ep8_bs16_cl32_gamma0.99_lam0.9_seed2,checkpoints/BTC/BTC_S2B3_lr0.001_clip0.2_ent0.005_ep8_bs16_cl32_gamma0.99_lam0.9_seed2/best.weights.h5,7,-56.8694962973775
BTC,btc_q50,50.0,4320,0.25,0.05,buy,BTC_PPO_1,2026-01-08_steps_5s.parquet,/Users/jackfletcher/Desktop/FYP_Data/Replay_5s_BTC/January/2026-01-08_steps_5s.parquet,5638,1208,-1.0258299411224846e-06,49.99999999999912,90416.03040845649,90469.25,4.64030327004478,8.640683965906269e-13,0.9999999999999823,1.0,0.0,0.0102582994112248,BTC_S2B3_lr0.001_clip0.2_ent0.005_ep8_bs16_cl32_gamma0.99_lam0.9_seed2,checkpoints/BTC/BTC_S2B3_lr0.001_clip0.2_ent0.005_ep8_bs16_cl32_gamma0.99_lam0.9_seed2/best.weights.h5,8,-5.882616639743889
BTC,btc_q50,50.0,4320,0.25,0.05,buy,BTC_PPO_1,2026-01-29_steps_5s.parquet,/Users/jackfletcher/Desktop/FYP_Data/Replay_5s_BTC/January/2026-01-29_steps_5s.parquet,3239,1609,-1.7645585117274325e-06,49.99999999999933,88252.63860540863,88066.55,7.76992902004849,6.655846210835166e-13,0.9999999999999868,1.0,0.0,0.0176455851172743,BTC_S2B3_lr0.001_clip0.2_ent0.005_ep8_bs16_cl32_gamma0.99_lam0.9_seed2,checkpoints/BTC/BTC_S2B3_lr0.001_clip0.2_ent0.005_ep8_bs16_cl32_gamma0.99_lam0.9_seed2/best.weights.h5,9,21.130452528074454
BTC,btc_q50,50.0,4320,0.25,0.05,buy,BTC_PPO_2,2026-01-08_steps_5s.parquet,/Users/jackfletcher/Desktop/FYP_Data/Replay_5s_BTC/January/2026-01-08_steps_5s.parquet,5985,1161,-1.1914053756383732e-06,49.99999999999936,90304.85982142766,90677.75,5.401697940039629,6.961822256976961e-13,0.9999999999999872,1.0,0.0,0.0119140537563837,BTC_S2B1_lr0.001_clip0.2_ent0.01_ep8_bs16_cl32_gamma0.99_lam0.95_seed2,checkpoints/BTC/BTC_S2B1_lr0.001_clip0.2_ent0.01_ep8_bs16_cl32_gamma0.99_lam0.95_seed2/best.weights.h5,0,-41.12256629353318
BTC,btc_q50,50.0,4320,0.25,0.05,buy,BTC_PPO_2,2026-01-26_steps_5s.parquet,/Users/jackfletcher/Desktop/FYP_Data/Replay_5s_BTC/January/2026-01-26_steps_5s.parquet,875,1177,-2.666327585121725e-06,49.999999999999275,87636.83965915878,87398.05,11.651591580042403,6.924396838923735e-13,0.9999999999999856,1.0,0.0,0.0266632758512172,BTC_S2B1_lr0.001_clip0.2_ent0.01_ep8_bs16_cl32_gamma0.99_lam0.95_seed2,checkpoints/BTC/BTC_S2B1_lr0.001_clip0.2_ent0.01_ep8_bs16_cl32_gamma0.99_lam0.95_seed2/best.weights.h5,1,27.32208088839257
BTC,btc_q50,50.0,4320,0.25,0.05,buy,BTC_PPO_2,2026-01-22_steps_5s.parquet,/Users/jackfletcher/Desktop/FYP_Data/Replay_5s_BTC/January/2026-01-22_steps_5s.parquet,7987,1520,-9.84333977244339e-07,49.99999999999905,90000.66723568433,90076.05,4.433245827548008,9.381462344399841e-13,0.9999999999999808,1.0,0.0,0.0098433397724434,BTC_S2B1_lr0.001_clip0.2_ent0.01_ep8_bs16_cl32_gamma0.99_lam0.95_seed2,checkpoints/BTC/BTC_S2B1_lr0.001_clip0.2_ent0.01_ep8_bs16_cl32_gamma0.99_lam0.95_seed2/best.weights.h5,2,-8.368791073284097
BTC,btc_q50,50.0,4320,0.25,0.05,buy,BTC_PPO_2,2026-01-30_steps_5s.parquet,/Users/jackfletcher/Desktop/FYP_Data/Replay_5s_BTC/January/2026-01-30_steps_5s.parquet,9226,1441,-3.772359082448513e-06,49.99999999999923,82886.68760856098,82813.85,15.620178960001429,7.869721698565461e-13,0.9999999999999848,1.0,0.0,0.0377235908244851,BTC_S2B1_lr0.001_clip0.2_ent0.01_ep8_bs16_cl32_gamma0.99_lam0.95_seed2,checkpoints/BTC/BTC_S2B1_lr0.001_clip0.2_ent0.01_ep8_bs16_cl32_gamma0.99_lam0.95_seed2/best.weights.h5,3,8.795341426703137
BTC,btc_q50,50.0,4320,0.25,0.05,buy,BTC_PPO_2,2026-01-22_steps_5s.parquet,/Users/jackfletcher/Desktop/FYP_Data/Replay_5s_BTC/January/2026-01-22_steps_5s.parquet,3246,978,-1.1176588152925534e-06,49.99999999999911,90006.1739163072,89943.95,5.026332429986625,8.12801149093927e-13,0.9999999999999822,1.0,0.0,0.0111765881529255,BTC_S2B1_lr0.001_clip0.2_ent0.01_ep8_bs16_cl32_gamma0.99_lam0.95_seed2,checkpoints/BTC/BTC_S2B1_lr0.001_clip0.2_ent0.01_ep8_bs16_cl32_gamma0.99_lam0.95_seed2/best.weights.h5,4,6.918076903138914
BTC,btc_q50,50.0,4320,0.25,0.05,buy,BTC_PPO_2,2026-01-10_steps_5s.parquet,/Users/jackfletcher/Desktop/FYP_Data/Replay_5s_BTC/January/2026-01-10_steps_5s.parquet,10333,1231,-2.124980840232232e-06,49.99999999999907,90615.61498500196,90645.55,9.631002850115642,9.534752280458726e-13,0.9999999999999812,1.0,0.0,0.0212498084023223,BTC_S2B1_lr0.001_clip0.2_ent0.01_ep8_bs16_cl32_gamma0.99_lam0.95_seed2,checkpoints/BTC/BTC_S2B1_lr0.001_clip0.2_ent0.01_ep8_bs16_cl32_gamma0.99_lam0.95_seed2/best.weights.h5,5,-3.3024252153630838
BTC,btc_q50,50.0,4320,0.25,0.05,buy,BTC_PPO_2,2026-01-18_steps_5s.parquet,/Users/jackfletcher/Desktop/FYP_Data/Replay_5s_BTC/January/2026-01-18_steps_5s.parquet,1842,1199,-1.7832239710299686e-06,49.99999999999911,95091.59219637114,94949.15,8.465780015445977,9.411378693604825e-13,0.9999999999999822,1.0,0.0,0.0178322397102996,BTC_S2B1_lr0.001_clip0.2_ent0.01_ep8_bs16_cl32_gamma0.99_lam0.95_seed2,checkpoints/BTC/BTC_S2B1_lr0.001_clip0.2_ent0.01_ep8_bs16_cl32_gamma0.99_lam0.95_seed2/best.weights.h5,6,15.001945396156808
BTC,btc_q50,50.0,4320,0.25,0.05,buy,BTC_PPO_2,2026-01-09_steps_5s.parquet,/Users/jackfletcher/Desktop/FYP_Data/Replay_5s_BTC/January/2026-01-09_steps_5s.parquet,5162,1391,-3.861493461716262e-06,49.999999999999034,90557.75251628675,91076.05,17.584478579697155,9.17506777157744e-13,0.9999999999999808,1.0,0.0,0.0386149346171625,BTC_S2B1_lr0.001_clip0.2_ent0.01_ep8_bs16_cl32_gamma0.99_lam0.95_seed2,checkpoints/BTC/BTC_S2B1_lr0.001_clip0.2_ent0.01_ep8_bs16_cl32_gamma0.99_lam0.95_seed2/best.weights.h5,7,-56.90820843825019
BTC,btc_q50,50.0,4320,0.25,0.05,buy,BTC_PPO_2,2026-01-08_steps_5s.parquet,/Users/jackfletcher/Desktop/FYP_Data/Replay_5s_BTC/January/2026-01-08_steps_5s.parquet,5638,1226,-1.025829941122471e-06,49.99999999999906,90415.99904998038,90469.25,4.640303270044719,9.000333308576958e-13,0.9999999999999812,1.0,0.0,0.0102582994112247,BTC_S2B1_lr0.001_clip0.2_ent0.01_ep8_bs16_cl32_gamma0.99_lam0.95_seed2,checkpoints/BTC/BTC_S2B1_lr0.001_clip0.2_ent0.01_ep8_bs16_cl32_gamma0.99_lam0.95_seed2/best.weights.h5,8,-5.886082842470502
BTC,btc_q50,50.0,4320,0.25,0.05,buy,BTC_PPO_2,2026-01-29_steps_5s.parquet,/Users/jackfletcher/Desktop/FYP_Data/Replay_5s_BTC/January/2026-01-29_steps_5s.parquet,3239,1624,-1.764558511727409e-06,49.9999999999993,88252.64473545155,88066.55,7.769929020048386,7.14480942757768e-13,0.999999999999986,1.0,0.0,0.0176455851172741,BTC_S2B1_lr0.001_clip0.2_ent0.01_ep8_bs16_cl32_gamma0.99_lam0.95_seed2,checkpoints/BTC/BTC_S2B1_lr0.001_clip0.2_ent0.01_ep8_bs16_cl32_gamma0.99_lam0.95_seed2/best.weights.h5,9,21.131148597458623
BTC,btc_q50,50.0,4320,0.25,0.05,buy,BTC_PPO_3,2026-01-08_steps_5s.parquet,/Users/jackfletcher/Desktop/FYP_Data/Replay_5s_BTC/January/2026-01-08_steps_5s.parquet,5985,1150,-1.1914053756382775e-06,49.99999999999939,90304.86786156012,90677.75,5.401697940039194,6.700187841179377e-13,0.9999999999999878,1.0,0.0,0.0119140537563827,BTC_S2B1_lr0.001_clip0.2_ent0.01_ep8_bs16_cl32_gamma0.999_lam0.95_seed2,checkpoints/BTC/BTC_S2B1_lr0.001_clip0.2_ent0.01_ep8_bs16_cl32_gamma0.999_lam0.95_seed2/best.weights.h5,0,-41.121679622606
BTC,btc_q50,50.0,4320,0.25,0.05,buy,BTC_PPO_3,2026-01-26_steps_5s.parquet,/Users/jackfletcher/Desktop/FYP_Data/Replay_5s_BTC/January/2026-01-26_steps_5s.parquet,875,1160,-2.6663275851217294e-06,49.9999999999992,87636.84574400591,87398.05,11.651591580042442,7.609191583474242e-13,0.999999999999984,1.0,0.0,0.0266632758512173,BTC_S2B1_lr0.001_clip0.2_ent0.01_ep8_bs16_cl32_gamma0.999_lam0.95_seed2,checkpoints/BTC/BTC_S2B1_lr0.001_clip0.2_ent0.01_ep8_bs16_cl32_gamma0.999_lam0.95_seed2/best.weights.h5,1,27.322777110691923
BTC,btc_q50,50.0,4320,0.25,0.05,buy,BTC_PPO_3,2026-01-22_steps_5s.parquet,/Users/jackfletcher/Desktop/FYP_Data/Replay_5s_BTC/January/2026-01-22_steps_5s.parquet,7987,1505,-9.84333977244168e-07,49.99999999999901,90000.6704279607,90076.05,4.433245827547241,9.97615983892131e-13,0.9999999999999802,1.0,0.0,0.0098433397724417,BTC_S2B1_lr0.001_clip0.2_ent0.01_ep8_bs16_cl32_gamma0.999_lam0.95_seed2,checkpoints/BTC/BTC_S2B1_lr0.001_clip0.2_ent0.01_ep8_bs16_cl32_gamma0.999_lam0.95_seed2/best.weights.h5,2,-8.368436675377085
BTC,btc_q50,50.0,4320,0.25,0.05,buy,BTC_PPO_3,2026-01-30_steps_5s.parquet,/Users/jackfletcher/Desktop/FYP_Data/Replay_5s_BTC/January/2026-01-30_steps_5s.parquet,9226,1441,-3.7723590824484863e-06,49.99999999999925,82886.69138206517,82813.85,15.620178960001326,7.896287704474398e-13,0.9999999999999848,1.0,0.0,0.0377235908244848,BTC_S2B1_lr0.001_clip0.2_ent0.01_ep8_bs16_cl32_gamma0.999_lam0.95_seed2,checkpoints/BTC/BTC_S2B1_lr0.001_clip0.2_ent0.01_ep8_bs16_cl32_gamma0.999_lam0.95_seed2/best.weights.h5,3,8.795797087704795
BTC,btc_q50,50.0,4320,0.25,0.05,buy,BTC_PPO_3,2026-01-22_steps_5s.parquet,/Users/jackfletcher/Desktop/FYP_Data/Replay_5s_BTC/January/2026-01-22_steps_5s.parquet,3246,966,-1.1176588152925725e-06,49.99999999999904,90006.17698511528,89943.95,5.026332429986711,8.872644680135458e-13,0.9999999999999808,1.0,0.0,0.0111765881529257,BTC_S2B1_lr0.001_clip0.2_ent0.01_ep8_bs16_cl32_gamma0.999_lam0.95_seed2,checkpoints/BTC/BTC_S2B1_lr0.001_clip0.2_ent0.01_ep8_bs16_cl32_gamma0.999_lam0.95_seed2/best.weights.h5,4,6.918418094299997
BTC,btc_q50,50.0,4320,0.25,0.05,buy,BTC_PPO_3,2026-01-10_steps_5s.parquet,/Users/jackfletcher/Desktop/FYP_Data/Replay_5s_BTC/January/2026-01-10_steps_5s.parquet,10333,1235,-2.1249808402315987e-06,49.99999999999932,90615.60823323132,90645.55,9.63100285011278,7.176009863545265e-13,0.9999999999999865,1.0,0.0,0.021249808402316,BTC_S2B1_lr0.001_clip0.2_ent0.01_ep8_bs16_cl32_gamma0.999_lam0.95_seed2,checkpoints/BTC/BTC_S2B1_lr0.001_clip0.2_ent0.01_ep8_bs16_cl32_gamma0.999_lam0.95_seed2/best.weights.h5,5,-3.3031700694274977
BTC,btc_q50,50.0,4320,0.25,0.05,buy,BTC_PPO_3,2026-01-18_steps_5s.parquet,/Users/jackfletcher/Desktop/FYP_Data/Replay_5s_BTC/January/2026-01-18_steps_5s.parquet,1842,1186,-1.8504652543065864e-06,49.99999999999915,95091.60904722626,94949.15,8.785005150047175,8.797953471929205e-13,0.9999999999999828,1.0,0.0,0.0185046525430657,BTC_S2B1_lr0.001_clip0.2_ent0.01_ep8_bs16_cl32_gamma0.999_lam0.95_seed2,checkpoints/BTC/BTC_S2B1_lr0.001_clip0.2_ent0.01_ep8_bs16_cl32_gamma0.999_lam0.95_seed2/best.weights.h5,6,15.003720120323814
BTC,btc_q50,50.0,4320,0.25,0.05,buy,BTC_PPO_3,2026-01-09_steps_5s.parquet,/Users/jackfletcher/Desktop/FYP_Data/Replay_5s_BTC/January/2026-01-09_steps_5s.parquet,5162,1387,-3.861316374622896e-06,49.999999999999034,90557.76645441812,91076.05,17.58367216004868,9.059132935958481e-13,0.9999999999999808,1.0,0.0,0.0386131637462289,BTC_S2B1_lr0.001_clip0.2_ent0.01_ep8_bs16_cl32_gamma0.999_lam0.95_seed2,checkpoints/BTC/BTC_S2B1_lr0.001_clip0.2_ent0.01_ep8_bs16_cl32_gamma0.999_lam0.95_seed2/best.weights.h5,7,-56.90667805442658
BTC,btc_q50,50.0,4320,0.25,0.05,buy,BTC_PPO_3,2026-01-08_steps_5s.parquet,/Users/jackfletcher/Desktop/FYP_Data/Replay_5s_BTC/January/2026-01-08_steps_5s.parquet,5638,1206,-1.0258299411224427e-06,49.99999999999925,90416.01289646096,90469.25,4.640303270044591,7.015762752940826e-13,0.9999999999999848,1.0,0.0,0.0102582994112244,BTC_S2B1_lr0.001_clip0.2_ent0.01_ep8_bs16_cl32_gamma0.999_lam0.95_seed2,checkpoints/BTC/BTC_S2B1_lr0.001_clip0.2_ent0.01_ep8_bs16_cl32_gamma0.999_lam0.95_seed2/best.weights.h5,8,-5.88455232457866
BTC,btc_q50,50.0,4320,0.25,0.05,buy,BTC_PPO_3,2026-01-29_steps_5s.parquet,/Users/jackfletcher/Desktop/FYP_Data/Replay_5s_BTC/January/2026-01-29_steps_5s.parquet,3239,1613,-1.7645585117274471e-06,49.99999999999924,88252.63285061279,88066.55,7.769929020048562,7.686301466751925e-13,0.9999999999999848,1.0,0.0,0.0176455851172745,BTC_S2B1_lr0.001_clip0.2_ent0.01_ep8_bs16_cl32_gamma0.999_lam0.95_seed2,checkpoints/BTC/BTC_S2B1_lr0.001_clip0.2_ent0.01_ep8_bs16_cl32_gamma0.999_lam0.95_seed2/best.weights.h5,9,21.129799068180517
BTC,btc_q100,100.0,4320,0.25,0.05,buy,TWAP,2026-01-11_steps_5s.parquet,/Users/jackfletcher/Desktop/FYP_Data/Replay_5s_BTC/January/2026-01-11_steps_5s.parquet,2088,4320,-7.083852030599887e-07,64.38009996651166,90721.07760465296,90695.55,6.424738560338737,35.619900033488655,0.6438009996651166,0.0,1.0,0.0070838520305998,TWAP,,0,2.8146479791965096
BTC,btc_q100,100.0,4320,0.25,0.05,buy,TWAP,2026-01-30_steps_5s.parquet,/Users/jackfletcher/Desktop/FYP_Data/Replay_5s_BTC/January/2026-01-30_steps_5s.parquet,5511,4320,-1.965682455296243e-06,82.39302558211642,82714.00271904499,82580.75,16.232753142020517,17.60697441788344,0.8239302558211642,0.0,1.0,0.0196568245529624,TWAP,,1,16.136050961633426
BTC,btc_q100,100.0,4320,0.25,0.05,buy,TWAP,2026-01-31_steps_5s.parquet,/Users/jackfletcher/Desktop/FYP_Data/Replay_5s_BTC/January/2026-01-31_steps_5s.parquet,11812,4320,-5.216065792575274e-06,97.26843861317704,78420.11003310146,81902.25,42.720752455995,2.7315613868228255,0.9726843861317706,0.0,1.0,0.0521606579257529,TWAP,,2,-425.15803496223117
BTC,btc_q100,100.0,4320,0.25,0.05,buy,TWAP,2026-01-15_steps_5s.parquet,/Users/jackfletcher/Desktop/FYP_Data/Replay_5s_BTC/January/2026-01-15_steps_5s.parquet,3234,4320,-7.025921907720091e-07,66.14556399533657,96590.72517148026,96224.35,6.760647687211252,33.85443600466341,0.6614556399533658,0.0,1.0,0.00702592190772,TWAP,,3,38.07509964788011
BTC,btc_q100,100.0,4320,0.25,0.05,buy,TWAP,2026-01-17_steps_5s.parquet,/Users/jackfletcher/Desktop/FYP_Data/Replay_5s_BTC/January/2026-01-17_steps_5s.parquet,10735,4320,-7.485535184741478e-07,51.60810882057992,95381.76518946738,95418.65,7.142596618555319,48.39189117942045,0.5160810882057992,0.0,1.0,0.0074855351847414,TWAP,,4,-3.8655766490741432
BTC,btc_q100,100.0,4320,0.25,0.05,buy,TWAP,2026-01-31_steps_5s.parquet,/Users/jackfletcher/Desktop/FYP_Data/Replay_5s_BTC/January/2026-01-31_steps_5s.parquet,11851,4320,-5.313645927155128e-06,97.0194719588762,78392.59100876052,81232.85,43.16426025537013,2.980528041123725,0.970194719588762,0.0,1.0,0.053136459271551,TWAP,,5,-349.6441391923945
BTC,btc_q100,100.0,4320,0.25,0.05,buy,TWAP,2026-01-31_steps_5s.parquet,/Users/jackfletcher/Desktop/FYP_Data/Replay_5s_BTC/January/2026-01-31_steps_5s.parquet,5721,4320,-1.6192395292118948e-06,55.924795645024865,82951.70061204472,83534.55,13.52624454149274,44.075204354975305,0.5592479564502486,0.0,1.0,0.0161923952921189,TWAP,,6,-69.77345157845278
BTC,btc_q100,100.0,4320,0.25,0.05,buy,TWAP,2026-01-18_steps_5s.parquet,/Users/jackfletcher/Desktop/FYP_Data/Replay_5s_BTC/January/2026-01-18_steps_5s.parquet,6426,4320,-4.000730315015111e-07,57.726002139173175,95144.76184015964,95180.15,3.8079011149268656,42.27399786082682,0.5772600213917317,0.0,1.0,0.0040007303150151,TWAP,,7,-3.718018918897815
BTC,btc_q100,100.0,4320,0.25,0.05,buy,TWAP,2026-01-10_steps_5s.parquet,/Users/jackfletcher/Desktop/FYP_Data/Replay_5s_BTC/January/2026-01-10_steps_5s.parquet,4690,4320,-5.546050578958489e-07,54.25555192597802,90726.41611112504,90542.25,5.0215189803270555,45.74444807402171,0.5425555192597802,0.0,1.0,0.0055460505789585,TWAP,,8,20.340350623608675
BTC,btc_q100,100.0,4320,0.25,0.05,buy,TWAP,2026-01-24_steps_5s.parquet,/Users/jackfletcher/Desktop/FYP_Data/Replay_5s_BTC/January/2026-01-24_steps_5s.parquet,3650,4320,-4.930658690544583e-07,51.71183386736325,89647.85035290201,89829.05,4.429163860458639,48.288166132636974,0.5171183386736324,0.0,1.0,0.0049306586905445,TWAP,,9,-20.171608972597827
BTC,btc_q100,100.0,4320,0.25,0.05,buy,BTC_PPO_1,2026-01-11_steps_5s.parquet,/Users/jackfletcher/Desktop/FYP_Data/Replay_5s_BTC/January/2026-01-11_steps_5s.parquet,2088,1452,-9.303007937034844e-07,99.99999999999908,90711.07767994227,90695.55,8.437414215037391,9.486649874750993e-13,0.9999999999999908,1.0,0.0,0.0093030079370348,BTC_S2B3_lr0.001_clip0.2_ent0.005_ep8_bs16_cl32_gamma0.99_lam0.9_seed2,checkpoints/BTC/BTC_S2B3_lr0.001_clip0.2_ent0.005_ep8_bs16_cl32_gamma0.99_lam0.9_seed2/best.weights.h5,0,1.7120663519072092
BTC,btc_q100,100.0,4320,0.25,0.05,buy,BTC_PPO_1,2026-01-30_steps_5s.parquet,/Users/jackfletcher/Desktop/FYP_Data/Replay_5s_BTC/January/2026-01-30_steps_5s.parquet,5511,3223,-2.8165992764660182e-06,99.99999999999964,82661.61954099951,82580.75,23.25968807000229,7.077707424616112e-13,0.9999999999999964,1.0,0.0,0.0281659927646604,BTC_S2B3_lr0.001_clip0.2_ent0.005_ep8_bs16_cl32_gamma0.99_lam0.9_seed2,checkpoints/BTC/BTC_S2B3_lr0.001_clip0.2_ent0.005_ep8_bs16_cl32_gamma0.99_lam0.9_seed2/best.weights.h5,1,9.792783548164982
BTC,btc_q100,100.0,4320,0.25,0.05,buy,BTC_PPO_1,2026-01-31_steps_5s.parquet,/Users/jackfletcher/Desktop/FYP_Data/Replay_5s_BTC/January/2026-01-31_steps_5s.parquet,11812,1065,-2.317811373922522e-05,99.99999999999906,79774.00174462383,81902.25,189.83396659984615,9.75615438157684e-13,0.9999999999999908,1.0,0.0,0.2317811373922525,BTC_S2B3_lr0.001_clip0.2_ent0.005_ep8_bs16_cl32_gamma0.99_lam0.9_seed2,checkpoints/BTC/BTC_S2B3_lr0.001_clip0.2_ent0.005_ep8_bs16_cl32_gamma0.99_lam0.9_seed2/best.weights.h5,2,-259.8522330431906
BTC,btc_q100,100.0,4320,0.25,0.05,buy,BTC_PPO_1,2026-01-15_steps_5s.parquet,/Users/jackfletcher/Desktop/FYP_Data/Replay_5s_BTC/January/2026-01-15_steps_5s.parquet,3234,3318,-2.0792740546011133e-06,99.99999999999916,96393.45756892346,96224.35,20.00767943758567,8.259036876339994e-13,0.9999999999999916,1.0,0.0,0.0207927405460111,BTC_S2B3_lr0.001_clip0.2_ent0.005_ep8_bs16_cl32_gamma0.99_lam0.9_seed2,checkpoints/BTC/BTC_S2B3_lr0.001_clip0.2_ent0.005_ep8_bs16_cl32_gamma0.99_lam0.9_seed2/best.weights.h5,3,17.57430098758336
BTC,btc_q100,100.0,4320,0.25,0.05,buy,BTC_PPO_1,2026-01-17_steps_5s.parquet,/Users/jackfletcher/Desktop/FYP_Data/Replay_5s_BTC/January/2026-01-17_steps_5s.parquet,10735,3413,-1.1796315120449716e-06,99.99999999999925,95422.28277804074,95418.65,11.255884637679005,4.5047874690143595e-13,0.9999999999999925,1.0,0.0,0.0117963151204497,BTC_S2B3_lr0.001_clip0.2_ent0.005_ep8_bs16_cl32_gamma0.99_lam0.9_seed2,checkpoints/BTC/BTC_S2B3_lr0.001_clip0.2_ent0.005_ep8_bs16_cl32_gamma0.99_lam0.9_seed2/best.weights.h5,4,0.38071991594353904
BTC,btc_q100,100.0,4320,0.25,0.05,buy,BTC_PPO_1,2026-01-31_steps_5s.parquet,/Users/jackfletcher/Desktop/FYP_Data/Replay_5s_BTC/January/2026-01-31_steps_5s.parquet,11851,1076,-2.2627832277753553e-05,99.99999999999925,79678.70092148823,81232.85,183.81233052439137,6.899015783422836e-13,0.9999999999999925,1.0,0.0,0.2262783227775356,BTC_S2B3_lr0.001_clip0.2_ent0.005_ep8_bs16_cl32_gamma0.99_lam0.9_seed2,checkpoints/BTC/BTC_S2B3_lr0.001_clip0.2_ent0.005_ep8_bs16_cl32_gamma0.99_lam0.9_seed2/best.weights.h5,5,-191.32026987995354
BTC,btc_q100,100.0,4320,0.25,0.05,buy,BTC_PPO_1,2026-01-31_steps_5s.parquet,/Users/jackfletcher/Desktop/FYP_Data/Replay_5s_BTC/January/2026-01-31_steps_5s.parquet,5721,3962,-6.18537589237469e-06,99.99999999999928,83057.39197888447,83534.55,51.66925917503708,9.248001775390765e-13,0.9999999999999928,1.0,0.0,0.0618537589237472,BTC_S2B3_lr0.001_clip0.2_ent0.005_ep8_bs16_cl32_gamma0.99_lam0.9_seed2,checkpoints/BTC/BTC_S2B3_lr0.001_clip0.2_ent0.005_ep8_bs16_cl32_gamma0.99_lam0.9_seed2/best.weights.h5,6,-57.12103807532785
BTC,btc_q100,100.0,4320,0.25,0.05,buy,BTC_PPO_1,2026-01-18_steps_5s.parquet,/Users/jackfletcher/Desktop/FYP_Data/Replay_5s_BTC/January/2026-01-18_steps_5s.parquet,6426,2225,-9.131885758756364e-07,99.9999999999989,95166.72308891376,95180.15,8.691742563013014,9.785925005172234e-13,0.999999999999989,1.0,0.0,0.0091318857587564,BTC_S2B3_lr0.001_clip0.2_ent0.005_ep8_bs16_cl32_gamma0.99_lam0.9_seed2,checkpoints/BTC/BTC_S2B3_lr0.001_clip0.2_ent0.005_ep8_bs16_cl32_gamma0.99_lam0.9_seed2/best.weights.h5,7,-1.410683959442903
BTC,btc_q100,100.0,4320,0.25,0.05,buy,BTC_PPO_1,2026-01-10_steps_5s.parquet,/Users/jackfletcher/Desktop/FYP_Data/Replay_5s_BTC/January/2026-01-10_steps_5s.parquet,4690,3272,-1.7872003430091597e-06,99.9999999999989,90678.63753187167,90542.25,16.181714025682037,7.698095184134214e-13,0.999999999999989,1.0,0.0,0.0178720034300915,BTC_S2B3_lr0.001_clip0.2_ent0.005_ep8_bs16_cl32_gamma0.99_lam0.9_seed2,checkpoints/BTC/BTC_S2B3_lr0.001_clip0.2_ent0.005_ep8_bs16_cl32_gamma0.99_lam0.9_seed2/best.weights.h5,8,15.063413143772612
BTC,btc_q100,100.0,4320,0.25,0.05,buy,BTC_PPO_1,2026-01-24_steps_5s.parquet,/Users/jackfletcher/Desktop/FYP_Data/Replay_5s_BTC/January/2026-01-24_steps_5s.parquet,3650,2390,-7.823927760618917e-07,99.99999999999936,89713.89822122866,89829.05,7.02815998005026,8.696104440906992e-13,0.9999999999999936,1.0,0.0,0.0078239277606189,BTC_S2B3_lr0.001_clip0.2_ent0.005_ep8_bs16_cl32_gamma0.99_lam0.9_seed2,checkpoints/BTC/BTC_S2B3_lr0.001_clip0.2_ent0.005_ep8_bs16_cl32_gamma0.99_lam0.9_seed2/best.weights.h5,9,-12.818991047031922
BTC,btc_q100,100.0,4320,0.25,0.05,buy,BTC_PPO_2,2026-01-11_steps_5s.parquet,/Users/jackfletcher/Desktop/FYP_Data/Replay_5s_BTC/January/2026-01-11_steps_5s.parquet,2088,1461,-9.303007937035728e-07,99.9999999999994,90711.07768124343,90695.55,8.437414215038181,6.536062364364565e-13,0.999999999999994,1.0,0.0,0.0093030079370357,BTC_S2B1_lr0.001_clip0.2_ent0.01_ep8_bs16_cl32_gamma0.99_lam0.95_seed2,checkpoints/BTC/BTC_S2B1_lr0.001_clip0.2_ent0.01_ep8_bs16_cl32_gamma0.99_lam0.95_seed2/best.weights.h5,0,1.7120664953717453
BTC,btc_q100,100.0,4320,0.25,0.05,buy,BTC_PPO_2,2026-01-30_steps_5s.parquet,/Users/jackfletcher/Desktop/FYP_Data/Replay_5s_BTC/January/2026-01-30_steps_5s.parquet,5511,3228,-2.8165992764660216e-06,99.99999999999947,82661.61849057747,82580.75,23.259688070002316,8.74228791778381e-13,0.9999999999999948,1.0,0.0,0.0281659927646604,BTC_S2B1_lr0.001_clip0.2_ent0.01_ep8_bs16_cl32_gamma0.99_lam0.95_seed2,checkpoints/BTC/BTC_S2B1_lr0.001_clip0.2_ent0.01_ep8_bs16_cl32_gamma0.99_lam0.95_seed2/best.weights.h5,1,9.792656348782456
BTC,btc_q100,100.0,4320,0.25,0.05,buy,BTC_PPO_2,2026-01-31_steps_5s.parquet,/Users/jackfletcher/Desktop/FYP_Data/Replay_5s_BTC/January/2026-01-31_steps_5s.parquet,11812,1068,-2.317811449619988e-05,99.99999999999902,79773.97985139422,81902.25,189.8339727996389,9.912580104113964e-13,0.9999999999999902,1.0,0.0,0.231781144961999,BTC_S2B1_lr0.001_clip0.2_ent0.01_ep8_bs16_cl32_gamma0.99_lam0.95_seed2,checkpoints/BTC/BTC_S2B1_lr0.001_clip0.2_ent0.01_ep8_bs16_cl32_gamma0.99_lam0.95_seed2/best.weights.h5,2,-259.8549061357628
BTC,btc_q100,100.0,4320,0.25,0.05,buy,BTC_PPO_2,2026-01-15_steps_5s.parquet,/Users/jackfletcher/Desktop/FYP_Data/Replay_5s_BTC/January/2026-01-15_steps_5s.parquet,3234,3331,-2.0792740546011035e-06,99.99999999999926,96393.44570469145,96224.35,20.00767943758554,7.531481504207442e-13,0.9999999999999926,1.0,0.0,0.020792740546011,BTC_S2B1_lr0.001_clip0.2_ent0.01_ep8_bs16_cl32_gamma0.99_lam0.95_seed2,checkpoints/BTC/BTC_S2B1_lr0.001_clip0.2_ent0.01_ep8_bs16_cl32_gamma0.99_lam0.95_seed2/best.weights.h5,3,17.573068011521087
BTC,btc_q100,100.0,4320,0.25,0.05,buy,BTC_PPO_2,2026-01-17_steps_5s.parquet,/Users/jackfletcher/Desktop/FYP_Data/Replay_5s_BTC/January/2026-01-17_steps_5s.parquet,10735,3422,-1.179631512045146e-06,99.99999999999868,95422.28617411648,95418.65,11.255884637680667,9.31784256664112e-13,0.9999999999999868,1.0,0.0,0.0117963151204514,BTC_S2B1_lr0.001_clip0.2_ent0.01_ep8_bs16_cl32_gamma0.99_lam0.95_seed2,checkpoints/BTC/BTC_S2B1_lr0.001_clip0.2_ent0.01_ep8_bs16_cl32_gamma0.99_lam0.95_seed2/best.weights.h5,4,0.3810758291473818
BTC,btc_q100,100.0,4320,0.25,0.05,buy,BTC_PPO_2,2026-01-31_steps_5s.parquet,/Users/jackfletcher/Desktop/FYP_Data/Replay_5s_BTC/January/2026-01-31_steps_5s.parquet,11851,1087,-2.263234204670602e-05,99.99999999999916,79678.69734052374,81232.85,183.84896466287643,8.313290275446407e-13,0.9999999999999916,1.0,0.0,0.2263234204670603,BTC_S2B1_lr0.001_clip0.2_ent0.01_ep8_bs16_cl32_gamma0.99_lam0.95_seed2,checkpoints/BTC/BTC_S2B1_lr0.001_clip0.2_ent0.01_ep8_bs16_cl32_gamma0.99_lam0.95_seed2/best.weights.h5,5,-191.32071070709313
BTC,btc_q100,100.0,4320,0.25,0.05,buy,BTC_PPO_2,2026-01-31_steps_5s.parquet,/Users/jackfletcher/Desktop/FYP_Data/Replay_5s_BTC/January/2026-01-31_steps_5s.parquet,5721,3960,-6.185375892374705e-06,99.99999999999932,83057.3949571426,83534.55,51.66925917503716,8.815950719732837e-13,0.9999999999999932,1.0,0.0,0.0618537589237473,BTC_S2B1_lr0.001_clip0.2_ent0.01_ep8_bs16_cl32_gamma0.99_lam0.95_seed2,checkpoints/BTC/BTC_S2B1_lr0.001_clip0.2_ent0.01_ep8_bs16_cl32_gamma0.99_lam0.95_seed2/best.weights.h5,6,-57.12068154522857
BTC,btc_q100,100.0,4320,0.25,0.05,buy,BTC_PPO_2,2026-01-18_steps_5s.parquet,/Users/jackfletcher/Desktop/FYP_Data/Replay_5s_BTC/January/2026-01-18_steps_5s.parquet,6426,2238,-8.878117334911483e-07,99.9999999999992,95166.72072653592,95180.15,8.450205396544822,7.098442831840924e-13,0.999999999999992,1.0,0.0,0.0088781173349115,BTC_S2B1_lr0.001_clip0.2_ent0.01_ep8_bs16_cl32_gamma0.99_lam0.95_seed2,checkpoints/BTC/BTC_S2B1_lr0.001_clip0.2_ent0.01_ep8_bs16_cl32_gamma0.99_lam0.95_seed2/best.weights.h5,7,-1.4109321601275777
BTC,btc_q100,100.0,4320,0.25,0.05,buy,BTC_PPO_2,2026-01-10_steps_5s.parquet,/Users/jackfletcher/Desktop/FYP_Data/Replay_5s_BTC/January/2026-01-10_steps_5s.parquet,4690,3296,-1.755582029026229e-06,99.99999999999883,90678.6435263541,90542.25,15.89543469675994,8.365694650921311e-13,0.9999999999999885,1.0,0.0,0.0175558202902622,BTC_S2B1_lr0.001_clip0.2_ent0.01_ep8_bs16_cl32_gamma0.99_lam0.95_seed2,checkpoints/BTC/BTC_S2B1_lr0.001_clip0.2_ent0.01_ep8_bs16_cl32_gamma0.99_lam0.95_seed2/best.weights.h5,8,15.064075208436519
BTC,btc_q100,100.0,4320,0.25,0.05,buy,BTC_PPO_2,2026-01-24_steps_5s.parquet,/Users/jackfletcher/Desktop/FYP_Data/Replay_5s_BTC/January/2026-01-24_steps_5s.parquet,3650,2390,-7.823927760618283e-07,99.99999999999928,89713.89853260759,89829.05,7.028159980049693,9.597898615371382e-13,0.9999999999999928,1.0,0.0,0.0078239277606183,BTC_S2B1_lr0.001_clip0.2_ent0.01_ep8_bs16_cl32_gamma0.99_lam0.95_seed2,checkpoints/BTC/BTC_S2B1_lr0.001_clip0.2_ent0.01_ep8_bs16_cl32_gamma0.99_lam0.95_seed2/best.weights.h5,9,-12.81895638353186
BTC,btc_q100,100.0,4320,0.25,0.05,buy,BTC_PPO_3,2026-01-11_steps_5s.parquet,/Users/jackfletcher/Desktop/FYP_Data/Replay_5s_BTC/January/2026-01-11_steps_5s.parquet,2088,1450,-9.303007937032256e-07,99.99999999999925,90711.07767984991,90695.55,8.43741421503504,7.814296373926759e-13,0.9999999999999925,1.0,0.0,0.0093030079370322,BTC_S2B1_lr0.001_clip0.2_ent0.01_ep8_bs16_cl32_gamma0.999_lam0.95_seed2,checkpoints/BTC/BTC_S2B1_lr0.001_clip0.2_ent0.01_ep8_bs16_cl32_gamma0.999_lam0.95_seed2/best.weights.h5,0,1.7120663417235777
BTC,btc_q100,100.0,4320,0.25,0.05,buy,BTC_PPO_3,2026-01-30_steps_5s.parquet,/Users/jackfletcher/Desktop/FYP_Data/Replay_5s_BTC/January/2026-01-30_steps_5s.parquet,5511,3210,-2.816599276465983e-06,99.99999999999976,82661.64593779632,82580.75,23.259688070001992,5.324090651335639e-13,0.9999999999999978,1.0,0.0,0.02816599276466,BTC_S2B1_lr0.001_clip0.2_ent0.01_ep8_bs16_cl32_gamma0.999_lam0.95_seed2,checkpoints/BTC/BTC_S2B1_lr0.001_clip0.2_ent0.01_ep8_bs16_cl32_gamma0.999_lam0.95_seed2/best.weights.h5,1,9.795980031220148
BTC,btc_q100,100.0,4320,0.25,0.05,buy,BTC_PPO_3,2026-01-31_steps_5s.parquet,/Users/jackfletcher/Desktop/FYP_Data/Replay_5s_BTC/January/2026-01-31_steps_5s.parquet,11812,1079,-2.3178122942321516e-05,99.9999999999992,79773.99415490146,81902.25,189.8340419752754,8.260399095063696e-13,0.999999999999992,1.0,0.0,0.2317812294232153,BTC_S2B1_lr0.001_clip0.2_ent0.01_ep8_bs16_cl32_gamma0.999_lam0.95_seed2,checkpoints/BTC/BTC_S2B1_lr0.001_clip0.2_ent0.01_ep8_bs16_cl32_gamma0.999_lam0.95_seed2/best.weights.h5,2,-259.8531597237607
BTC,btc_q100,100.0,4320,0.25,0.05,buy,BTC_PPO_3,2026-01-15_steps_5s.parquet,/Users/jackfletcher/Desktop/FYP_Data/Replay_5s_BTC/January/2026-01-15_steps_5s.parquet,3234,3313,-2.0792740546010925e-06,99.99999999999932,96393.45545955715,96224.35,20.007679437585473,6.64475863388609e-13,0.9999999999999932,1.0,0.0,0.0207927405460109,BTC_S2B1_lr0.001_clip0.2_ent0.01_ep8_bs16_cl32_gamma0.999_lam0.95_seed2,checkpoints/BTC/BTC_S2B1_lr0.001_clip0.2_ent0.01_ep8_bs16_cl32_gamma0.999_lam0.95_seed2/best.weights.h5,3,17.574081774223227
BTC,btc_q100,100.0,4320,0.25,0.05,buy,BTC_PPO_3,2026-01-17_steps_5s.parquet,/Users/jackfletcher/Desktop/FYP_Data/Replay_5s_BTC/January/2026-01-17_steps_5s.parquet,10735,3414,-1.1796315120451126e-06,99.99999999999876,95422.28639251553,95418.65,11.255884637680362,9.141065852369729e-13,0.9999999999999876,1.0,0.0,0.0117963151204511,BTC_S2B1_lr0.001_clip0.2_ent0.01_ep8_bs16_cl32_gamma0.999_lam0.95_seed2,checkpoints/BTC/BTC_S2B1_lr0.001_clip0.2_ent0.01_ep8_bs16_cl32_gamma0.999_lam0.95_seed2/best.weights.h5,4,0.38109871765436243
BTC,btc_q100,100.0,4320,0.25,0.05,buy,BTC_PPO_3,2026-01-31_steps_5s.parquet,/Users/jackfletcher/Desktop/FYP_Data/Replay_5s_BTC/January/2026-01-31_steps_5s.parquet,11851,1089,-2.263666809383969e-05,99.99999999999908,79678.7496810591,81232.85,183.88410637666655,7.828506270450646e-13,0.9999999999999908,1.0,0.0,0.2263666809383969,BTC_S2B1_lr0.001_clip0.2_ent0.01_ep8_bs16_cl32_gamma0.999_lam0.95_seed2,checkpoints/BTC/BTC_S2B1_lr0.001_clip0.2_ent0.01_ep8_bs16_cl32_gamma0.999_lam0.95_seed2/best.weights.h5,5,-191.3142674350228
BTC,btc_q100,100.0,4320,0.25,0.05,buy,BTC_PPO_3,2026-01-31_steps_5s.parquet,/Users/jackfletcher/Desktop/FYP_Data/Replay_5s_BTC/January/2026-01-31_steps_5s.parquet,5721,3949,-6.185375892374659e-06,99.99999999999925,83057.3975427339,83534.55,51.669259175036814,9.871246450631003e-13,0.9999999999999925,1.0,0.0,0.0618537589237468,BTC_S2B1_lr0.001_clip0.2_ent0.01_ep8_bs16_cl32_gamma0.999_lam0.95_seed2,checkpoints/BTC/BTC_S2B1_lr0.001_clip0.2_ent0.01_ep8_bs16_cl32_gamma0.999_lam0.95_seed2/best.weights.h5,6,-57.12037202164854
BTC,btc_q100,100.0,4320,0.25,0.05,buy,BTC_PPO_3,2026-01-18_steps_5s.parquet,/Users/jackfletcher/Desktop/FYP_Data/Replay_5s_BTC/January/2026-01-18_steps_5s.parquet,6426,2235,-9.325185682839032e-07,99.99999999999908,95166.72486833172,95180.15,8.875725720704782,8.011987257700653e-13,0.9999999999999908,1.0,0.0,0.0093251856828391,BTC_S2B1_lr0.001_clip0.2_ent0.01_ep8_bs16_cl32_gamma0.999_lam0.95_seed2,checkpoints/BTC/BTC_S2B1_lr0.001_clip0.2_ent0.01_ep8_bs16_cl32_gamma0.999_lam0.95_seed2/best.weights.h5,7,-1.4104970068106095
BTC,btc_q100,100.0,4320,0.25,0.05,buy,BTC_PPO_3,2026-01-10_steps_5s.parquet,/Users/jackfletcher/Desktop/FYP_Data/Replay_5s_BTC/January/2026-01-10_steps_5s.parquet,4690,3268,-1.7873996320173737e-06,99.9999999999988,90678.63588695864,90542.25,16.18351843320243,8.966086604736682e-13,0.999999999999988,1.0,0.0,0.0178739963201736,BTC_S2B1_lr0.001_clip0.2_ent0.01_ep8_bs16_cl32_gamma0.999_lam0.95_seed2,checkpoints/BTC/BTC_S2B1_lr0.001_clip0.2_ent0.01_ep8_bs16_cl32_gamma0.999_lam0.95_seed2/best.weights.h5,8,15.063231470240709
BTC,btc_q100,100.0,4320,0.25,0.05,buy,BTC_PPO_3,2026-01-24_steps_5s.parquet,/Users/jackfletcher/Desktop/FYP_Data/Replay_5s_BTC/January/2026-01-24_steps_5s.parquet,3650,2386,-7.823927760619059e-07,99.9999999999995,89713.89834979695,89829.05,7.028159980050395,7.0712966341318e-13,0.999999999999995,1.0,0.0,0.007823927760619,BTC_S2B1_lr0.001_clip0.2_ent0.01_ep8_bs16_cl32_gamma0.999_lam0.95_seed2,checkpoints/BTC/BTC_S2B1_lr0.001_clip0.2_ent0.01_ep8_bs16_cl32_gamma0.999_lam0.95_seed2/best.weights.h5,9,-12.818976734481463
BTC,btc_q200,200.0,4320,0.25,0.05,buy,TWAP,2026-01-29_steps_5s.parquet,/Users/jackfletcher/Desktop/FYP_Data/Replay_5s_BTC/January/2026-01-29_steps_5s.parquet,5081,4320,-5.613866316704548e-07,78.36708956844045,88024.77819698768,88369.05,9.92184066468359,121.63291043156012,0.3918354478422022,0.0,1.0,0.0056138663167045,TWAP,,0,-38.95841394835878
BTC,btc_q200,200.0,4320,0.25,0.05,buy,TWAP,2026-01-25_steps_5s.parquet,/Users/jackfletcher/Desktop/FYP_Data/Replay_5s_BTC/January/2026-01-25_steps_5s.parquet,6643,4320,-6.929013322399287e-07,99.05849110230037,88688.09939955956,88361.25,12.24512556867707,100.94150889770025,0.4952924555115017,0.0,1.0,0.0069290133223992,TWAP,,1,36.99012854159075
BTC,btc_q200,200.0,4320,0.25,0.05,buy,TWAP,2026-01-28_steps_5s.parquet,/Users/jackfletcher/Desktop/FYP_Data/Replay_5s_BTC/January/2026-01-28_steps_5s.parquet,11486,4320,-1.5607311171923263e-06,133.0803926813731,89497.60803031453,89500.95,27.937383536654888,66.91960731862584,0.6654019634068655,0.0,1.0,0.0156073111719232,TWAP,,2,-0.3734004706619247
BTC,btc_q200,200.0,4320,0.25,0.05,buy,TWAP,2026-01-31_steps_5s.parquet,/Users/jackfletcher/Desktop/FYP_Data/Replay_5s_BTC/January/2026-01-31_steps_5s.parquet,1579,4320,-1.3588799402636395e-06,89.76210813967086,83884.46251512489,83987.15,22.82569067498268,110.23789186032954,0.4488105406983543,0.0,1.0,0.0135887994026364,TWAP,,3,-12.226570954616642
BTC,btc_q200,200.0,4320,0.25,0.05,buy,TWAP,2026-01-23_steps_5s.parquet,/Users/jackfletcher/Desktop/FYP_Data/Replay_5s_BTC/January/2026-01-23_steps_5s.parquet,3876,4320,-8.773008515513188e-07,118.02149846599234,89333.36446231652,89745.35,15.746734395554236,81.9785015340076,0.5901074923299617,0.0,1.0,0.0087730085155131,TWAP,,4,-45.90605949873607
BTC,btc_q200,200.0,4320,0.25,0.05,buy,TWAP,2026-01-26_steps_5s.parquet,/Users/jackfletcher/Desktop/FYP_Data/Replay_5s_BTC/January/2026-01-26_steps_5s.parquet,6599,4320,-1.3149916605407282e-06,120.00634851888492,87908.17393462191,87839.55,23.101655143130117,79.99365148111582,0.6000317425944246,0.0,1.0,0.0131499166054073,TWAP,,5,7.812418736424323
BTC,btc_q200,200.0,4320,0.25,0.05,buy,TWAP,2026-01-09_steps_5s.parquet,/Users/jackfletcher/Desktop/FYP_Data/Replay_5s_BTC/January/2026-01-09_steps_5s.parquet,2723,4320,-1.11019994275404e-06,102.20917051452255,90693.11764648544,91266.55,20.26482371707175,97.79082948547776,0.5110458525726128,0.0,1.0,0.0111019994275404,TWAP,,6,-62.830506194719405
BTC,btc_q200,200.0,4320,0.25,0.05,buy,TWAP,2026-01-29_steps_5s.parquet,/Users/jackfletcher/Desktop/FYP_Data/Replay_5s_BTC/January/2026-01-29_steps_5s.parquet,4263,4320,-5.229240232866733e-07,77.93858766321505,88057.96637988494,88172.05,9.221456625486733,122.0614123367856,0.3896929383160752,0.0,1.0,0.0052292402328667,TWAP,,7,-12.93875101180781
BTC,btc_q200,200.0,4320,0.25,0.05,buy,TWAP,2026-01-19_steps_5s.parquet,/Users/jackfletcher/Desktop/FYP_Data/Replay_5s_BTC/January/2026-01-19_steps_5s.parquet,1176,4320,-5.338933305070914e-07,88.80131253254977,92580.57143053271,92763.25,9.905136098232424,111.1986874674508,0.4440065626627488,0.0,1.0,0.0053389333050709,TWAP,,8,-19.692989353789045
BTC,btc_q200,200.0,4320,0.25,0.05,buy,TWAP,2026-01-21_steps_5s.parquet,/Users/jackfletcher/Desktop/FYP_Data/Replay_5s_BTC/January/2026-01-21_steps_5s.parquet,8839,4320,-2.870143625875376e-06,174.86375240527926,88910.70526521455,88419.25,50.75518935843628,25.136247594720334,0.8743187620263962,0.0,1.0,0.0287014362587537,TWAP,,9,55.58238338535447
BTC,btc_q200,200.0,4320,0.25,0.05,buy,BTC_PPO_1,2026-01-29_steps_5s.parquet,/Users/jackfletcher/Desktop/FYP_Data/Replay_5s_BTC/January/2026-01-29_steps_5s.parquet,5081,4320,-8.946963415129462e-07,106.06634445,88047.02358692733,88369.05,15.812693147594944,93.93365555000062,0.53033172225,0.0,1.0,0.0089469634151294,BTC_S2B3_lr0.001_clip0.2_ent0.005_ep8_bs16_cl32_gamma0.99_lam0.9_seed2,checkpoints/BTC/BTC_S2B3_lr0.001_clip0.2_ent0.005_ep8_bs16_cl32_gamma0.99_lam0.9_seed2/best.weights.h5,0,-36.44108577297955
BTC,btc_q200,200.0,4320,0.25,0.05,buy,BTC_PPO_1,2026-01-25_steps_5s.parquet,/Users/jackfletcher/Desktop/FYP_Data/Replay_5s_BTC/January/2026-01-25_steps_5s.parquet,6643,4320,-1.4887490120214553e-06,179.60040644999998,88659.50139664597,88361.25,26.3095447276962,20.399593549999725,0.8980020322499999,0.0,1.0,0.0148874901202145,BTC_S2B3_lr0.001_clip0.2_ent0.005_ep8_bs16_cl32_gamma0.99_lam0.9_seed2,checkpoints/BTC/BTC_S2B3_lr0.001_clip0.2_ent0.005_ep8_bs16_cl32_gamma0.99_lam0.9_seed2/best.weights.h5,1,33.75364162978302
BTC,btc_q200,200.0,4320,0.25,0.05,buy,BTC_PPO_1,2026-01-28_steps_5s.parquet,/Users/jackfletcher/Desktop/FYP_Data/Replay_5s_BTC/January/2026-01-28_steps_5s.parquet,11486,4320,-2.7075639556181824e-06,173.8652087999993,89540.14262617087,89500.95,48.46590924271689,26.134791200000027,0.8693260439999965,0.0,1.0,0.0270756395561817,BTC_S2B3_lr0.001_clip0.2_ent0.005_ep8_bs16_cl32_gamma0.99_lam0.9_seed2,checkpoints/BTC/BTC_S2B3_lr0.001_clip0.2_ent0.005_ep8_bs16_cl32_gamma0.99_lam0.9_seed2/best.weights.h5,2,4.379017895438232
BTC,btc_q200,200.0,4320,0.25,0.05,buy,BTC_PPO_1,2026-01-31_steps_5s.parquet,/Users/jackfletcher/Desktop/FYP_Data/Replay_5s_BTC/January/2026-01-31_steps_5s.parquet,1579,4320,-4.060884445562634e-06,183.5735438500001,83963.4564335621,83987.15,68.21242221242782,16.42645614999951,0.9178677192500004,0.0,1.0,0.0406088444556267,BTC_S2B3_lr0.001_clip0.2_ent0.005_ep8_bs16_cl32_gamma0.99_lam0.9_seed2,checkpoints/BTC/BTC_S2B3_lr0.001_clip0.2_ent0.005_ep8_bs16_cl32_gamma0.99_lam0.9_seed2/best.weights.h5,3,-2.821094231426828
BTC,btc_q200,200.0,4320,0.25,0.05,buy,BTC_PPO_1,2026-01-23_steps_5s.parquet,/Users/jackfletcher/Desktop/FYP_Data/Replay_5s_BTC/January/2026-01-23_steps_5s.parquet,3876,4320,-1.1704101701475994e-06,173.3689279,89376.25031377794,89745.35,21.00777407269115,26.631072099999827,0.8668446394999999,0.0,1.0,0.0117041017014759,BTC_S2B3_lr0.001_clip0.2_ent0.005_ep8_bs16_cl32_gamma0.99_lam0.9_seed2,checkpoints/BTC/BTC_S2B3_lr0.001_clip0.2_ent0.005_ep8_bs16_cl32_gamma0.99_lam0.9_seed2/best.weights.h5,4,-41.12744406501992
BTC,btc_q200,200.0,4320,0.25,0.05,buy,BTC_PPO_1,2026-01-26_steps_5s.parquet,/Users/jackfletcher/Desktop/FYP_Data/Replay_5s_BTC/January/2026-01-26_steps_5s.parquet,6599,4320,-1.8912926396773107e-06,181.13394985000028,87891.99662076714,87839.55,33.226058877513395,18.866050150000813,0.9056697492500014,0.0,1.0,0.018912926396773,BTC_S2B3_lr0.001_clip0.2_ent0.005_ep8_bs16_cl32_gamma0.99_lam0.9_seed2,checkpoints/BTC/BTC_S2B3_lr0.001_clip0.2_ent0.005_ep8_bs16_cl32_gamma0.99_lam0.9_seed2/best.weights.h5,5,5.970729673266285
BTC,btc_q200,200.0,4320,0.25,0.05,buy,BTC_PPO_1,2026-01-09_steps_5s.parquet,/Users/jackfletcher/Desktop/FYP_Data/Replay_5s_BTC/January/2026-01-09_steps_5s.parquet,2723,4320,-2.7068729664767972e-06,196.6130324000001,90865.18896486671,91266.55,49.40939138772072,3.3869676000007827,0.9830651620000004,0.0,1.0,0.027068729664768,BTC_S2B3_lr0.001_clip0.2_ent0.005_ep8_bs16_cl32_gamma0.99_lam0.9_seed2,checkpoints/BTC/BTC_S2B3_lr0.001_clip0.2_ent0.005_ep8_bs16_cl32_gamma0.99_lam0.9_seed2/best.weights.h5,6,-43.976794908242944
BTC,btc_q200,200.0,4320,0.25,0.05,buy,BTC_PPO_1,2026-01-29_steps_5s.parquet,/Users/jackfletcher/Desktop/FYP_Data/Replay_5s_BTC/January/2026-01-29_steps_5s.parquet,4263,4320,-8.373828795556354e-07,105.0257246999996,88089.00460457253,88172.05,14.766753025064732,94.97427530000064,0.5251286234999981,0.0,1.0,0.0083738287955563,BTC_S2B3_lr0.001_clip0.2_ent0.005_ep8_bs16_cl32_gamma0.99_lam0.9_seed2,checkpoints/BTC/BTC_S2B3_lr0.001_clip0.2_ent0.005_ep8_bs16_cl32_gamma0.99_lam0.9_seed2/best.weights.h5,7,-9.418562393351497
BTC,btc_q200,200.0,4320,0.25,0.05,buy,BTC_PPO_1,2026-01-19_steps_5s.parquet,/Users/jackfletcher/Desktop/FYP_Data/Replay_5s_BTC/January/2026-01-19_steps_5s.parquet,1176,4320,-1.6301616589813992e-06,126.35903875000052,92578.79195140544,92763.25,30.243818702501365,73.64096124999983,0.6317951937500026,0.0,1.0,0.016301616589814,BTC_S2B3_lr0.001_clip0.2_ent0.005_ep8_bs16_cl32_gamma0.99_lam0.9_seed2,checkpoints/BTC/BTC_S2B3_lr0.001_clip0.2_ent0.005_ep8_bs16_cl32_gamma0.99_lam0.9_seed2/best.weights.h5,8,-19.884819537323516
BTC,btc_q200,200.0,4320,0.25,0.05,buy,BTC_PPO_1,2026-01-21_steps_5s.parquet,/Users/jackfletcher/Desktop/FYP_Data/Replay_5s_BTC/January/2026-01-21_steps_5s.parquet,8839,3676,-4.425893636652783e-06,200.0000000000002,89171.77538994042,88419.25,78.26683918652225,8.818858919345069e-13,1.0000000000000009,1.0,0.0,0.0442589363665277,BTC_S2B3_lr0.001_clip0.2_ent0.005_ep8_bs16_cl32_gamma0.99_lam0.9_seed2,checkpoints/BTC/BTC_S2B3_lr0.001_clip0.2_ent0.005_ep8_bs16_cl32_gamma0.99_lam0.9_seed2/best.weights.h5,9,85.10877325247836
BTC,btc_q200,200.0,4320,0.25,0.05,buy,BTC_PPO_2,2026-01-29_steps_5s.parquet,/Users/jackfletcher/Desktop/FYP_Data/Replay_5s_BTC/January/2026-01-29_steps_5s.parquet,5081,4320,-8.946963415129462e-07,106.06634445,88047.02358692733,88369.05,15.812693147594944,93.93365555000062,0.53033172225,0.0,1.0,0.0089469634151294,BTC_S2B1_lr0.001_clip0.2_ent0.01_ep8_bs16_cl32_gamma0.99_lam0.95_seed2,checkpoints/BTC/BTC_S2B1_lr0.001_clip0.2_ent0.01_ep8_bs16_cl32_gamma0.99_lam0.95_seed2/best.weights.h5,0,-36.44108577297955
BTC,btc_q200,200.0,4320,0.25,0.05,buy,BTC_PPO_2,2026-01-25_steps_5s.parquet,/Users/jackfletcher/Desktop/FYP_Data/Replay_5s_BTC/January/2026-01-25_steps_5s.parquet,6643,4320,-1.4887490120214553e-06,179.60040644999998,88659.50139664597,88361.25,26.3095447276962,20.399593549999725,0.8980020322499999,0.0,1.0,0.0148874901202145,BTC_S2B1_lr0.001_clip0.2_ent0.01_ep8_bs16_cl32_gamma0.99_lam0.95_seed2,checkpoints/BTC/BTC_S2B1_lr0.001_clip0.2_ent0.01_ep8_bs16_cl32_gamma0.99_lam0.95_seed2/best.weights.h5,1,33.75364162978302
BTC,btc_q200,200.0,4320,0.25,0.05,buy,BTC_PPO_2,2026-01-28_steps_5s.parquet,/Users/jackfletcher/Desktop/FYP_Data/Replay_5s_BTC/January/2026-01-28_steps_5s.parquet,11486,4320,-2.7075639556181824e-06,173.8652087999993,89540.14262617087,89500.95,48.46590924271689,26.134791200000027,0.8693260439999965,0.0,1.0,0.0270756395561817,BTC_S2B1_lr0.001_clip0.2_ent0.01_ep8_bs16_cl32_gamma0.99_lam0.95_seed2,checkpoints/BTC/BTC_S2B1_lr0.001_clip0.2_ent0.01_ep8_bs16_cl32_gamma0.99_lam0.95_seed2/best.weights.h5,2,4.379017895438232
BTC,btc_q200,200.0,4320,0.25,0.05,buy,BTC_PPO_2,2026-01-31_steps_5s.parquet,/Users/jackfletcher/Desktop/FYP_Data/Replay_5s_BTC/January/2026-01-31_steps_5s.parquet,1579,4320,-4.060884445562634e-06,183.5735438500001,83963.4564335621,83987.15,68.21242221242782,16.42645614999951,0.9178677192500004,0.0,1.0,0.0406088444556267,BTC_S2B1_lr0.001_clip0.2_ent0.01_ep8_bs16_cl32_gamma0.99_lam0.95_seed2,checkpoints/BTC/BTC_S2B1_lr0.001_clip0.2_ent0.01_ep8_bs16_cl32_gamma0.99_lam0.95_seed2/best.weights.h5,3,-2.821094231426828
BTC,btc_q200,200.0,4320,0.25,0.05,buy,BTC_PPO_2,2026-01-23_steps_5s.parquet,/Users/jackfletcher/Desktop/FYP_Data/Replay_5s_BTC/January/2026-01-23_steps_5s.parquet,3876,4320,-1.1704101701475994e-06,173.3689279,89376.25031377794,89745.35,21.00777407269115,26.631072099999827,0.8668446394999999,0.0,1.0,0.0117041017014759,BTC_S2B1_lr0.001_clip0.2_ent0.01_ep8_bs16_cl32_gamma0.99_lam0.95_seed2,checkpoints/BTC/BTC_S2B1_lr0.001_clip0.2_ent0.01_ep8_bs16_cl32_gamma0.99_lam0.95_seed2/best.weights.h5,4,-41.12744406501992
BTC,btc_q200,200.0,4320,0.25,0.05,buy,BTC_PPO_2,2026-01-26_steps_5s.parquet,/Users/jackfletcher/Desktop/FYP_Data/Replay_5s_BTC/January/2026-01-26_steps_5s.parquet,6599,4320,-1.8912926396773107e-06,181.13394985000028,87891.99662076714,87839.55,33.226058877513395,18.866050150000813,0.9056697492500014,0.0,1.0,0.018912926396773,BTC_S2B1_lr0.001_clip0.2_ent0.01_ep8_bs16_cl32_gamma0.99_lam0.95_seed2,checkpoints/BTC/BTC_S2B1_lr0.001_clip0.2_ent0.01_ep8_bs16_cl32_gamma0.99_lam0.95_seed2/best.weights.h5,5,5.970729673266285
BTC,btc_q200,200.0,4320,0.25,0.05,buy,BTC_PPO_2,2026-01-09_steps_5s.parquet,/Users/jackfletcher/Desktop/FYP_Data/Replay_5s_BTC/January/2026-01-09_steps_5s.parquet,2723,4320,-2.7068729664767972e-06,196.6130324000001,90865.18896486671,91266.55,49.40939138772072,3.3869676000007827,0.9830651620000004,0.0,1.0,0.027068729664768,BTC_S2B1_lr0.001_clip0.2_ent0.01_ep8_bs16_cl32_gamma0.99_lam0.95_seed2,checkpoints/BTC/BTC_S2B1_lr0.001_clip0.2_ent0.01_ep8_bs16_cl32_gamma0.99_lam0.95_seed2/best.weights.h5,6,-43.976794908242944
BTC,btc_q200,200.0,4320,0.25,0.05,buy,BTC_PPO_2,2026-01-29_steps_5s.parquet,/Users/jackfletcher/Desktop/FYP_Data/Replay_5s_BTC/January/2026-01-29_steps_5s.parquet,4263,4320,-8.373828795556354e-07,105.0257246999996,88089.00460457253,88172.05,14.766753025064732,94.97427530000064,0.5251286234999981,0.0,1.0,0.0083738287955563,BTC_S2B1_lr0.001_clip0.2_ent0.01_ep8_bs16_cl32_gamma0.99_lam0.95_seed2,checkpoints/BTC/BTC_S2B1_lr0.001_clip0.2_ent0.01_ep8_bs16_cl32_gamma0.99_lam0.95_seed2/best.weights.h5,7,-9.418562393351497
BTC,btc_q200,200.0,4320,0.25,0.05,buy,BTC_PPO_2,2026-01-19_steps_5s.parquet,/Users/jackfletcher/Desktop/FYP_Data/Replay_5s_BTC/January/2026-01-19_steps_5s.parquet,1176,4320,-1.6301616589813992e-06,126.35903875000052,92578.79195140544,92763.25,30.243818702501365,73.64096124999983,0.6317951937500026,0.0,1.0,0.016301616589814,BTC_S2B1_lr0.001_clip0.2_ent0.01_ep8_bs16_cl32_gamma0.99_lam0.95_seed2,checkpoints/BTC/BTC_S2B1_lr0.001_clip0.2_ent0.01_ep8_bs16_cl32_gamma0.99_lam0.95_seed2/best.weights.h5,8,-19.884819537323516
BTC,btc_q200,200.0,4320,0.25,0.05,buy,BTC_PPO_2,2026-01-21_steps_5s.parquet,/Users/jackfletcher/Desktop/FYP_Data/Replay_5s_BTC/January/2026-01-21_steps_5s.parquet,8839,3668,-4.432869653868072e-06,200.00000000000017,89171.75572924108,88419.25,78.39020202855492,9.816675109451345e-13,1.0000000000000009,1.0,0.0,0.0443286965386807,BTC_S2B1_lr0.001_clip0.2_ent0.01_ep8_bs16_cl32_gamma0.99_lam0.95_seed2,checkpoints/BTC/BTC_S2B1_lr0.001_clip0.2_ent0.01_ep8_bs16_cl32_gamma0.99_lam0.95_seed2/best.weights.h5,9,85.10654967567338
BTC,btc_q200,200.0,4320,0.25,0.05,buy,BTC_PPO_3,2026-01-29_steps_5s.parquet,/Users/jackfletcher/Desktop/FYP_Data/Replay_5s_BTC/January/2026-01-29_steps_5s.parquet,5081,4320,-8.946963415129462e-07,106.06634445,88047.02358692733,88369.05,15.812693147594944,93.93365555000062,0.53033172225,0.0,1.0,0.0089469634151294,BTC_S2B1_lr0.001_clip0.2_ent0.01_ep8_bs16_cl32_gamma0.999_lam0.95_seed2,checkpoints/BTC/BTC_S2B1_lr0.001_clip0.2_ent0.01_ep8_bs16_cl32_gamma0.999_lam0.95_seed2/best.weights.h5,0,-36.44108577297955
BTC,btc_q200,200.0,4320,0.25,0.05,buy,BTC_PPO_3,2026-01-25_steps_5s.parquet,/Users/jackfletcher/Desktop/FYP_Data/Replay_5s_BTC/January/2026-01-25_steps_5s.parquet,6643,4320,-1.4887490120214553e-06,179.60040644999998,88659.50139664597,88361.25,26.3095447276962,20.399593549999725,0.8980020322499999,0.0,1.0,0.0148874901202145,BTC_S2B1_lr0.001_clip0.2_ent0.01_ep8_bs16_cl32_gamma0.999_lam0.95_seed2,checkpoints/BTC/BTC_S2B1_lr0.001_clip0.2_ent0.01_ep8_bs16_cl32_gamma0.999_lam0.95_seed2/best.weights.h5,1,33.75364162978302
BTC,btc_q200,200.0,4320,0.25,0.05,buy,BTC_PPO_3,2026-01-28_steps_5s.parquet,/Users/jackfletcher/Desktop/FYP_Data/Replay_5s_BTC/January/2026-01-28_steps_5s.parquet,11486,4320,-2.7075639556181824e-06,173.8652087999993,89540.14262617087,89500.95,48.46590924271689,26.134791200000027,0.8693260439999965,0.0,1.0,0.0270756395561817,BTC_S2B1_lr0.001_clip0.2_ent0.01_ep8_bs16_cl32_gamma0.999_lam0.95_seed2,checkpoints/BTC/BTC_S2B1_lr0.001_clip0.2_ent0.01_ep8_bs16_cl32_gamma0.999_lam0.95_seed2/best.weights.h5,2,4.379017895438232
BTC,btc_q200,200.0,4320,0.25,0.05,buy,BTC_PPO_3,2026-01-31_steps_5s.parquet,/Users/jackfletcher/Desktop/FYP_Data/Replay_5s_BTC/January/2026-01-31_steps_5s.parquet,1579,4320,-4.060884445562634e-06,183.5735438500001,83963.4564335621,83987.15,68.21242221242782,16.42645614999951,0.9178677192500004,0.0,1.0,0.0406088444556267,BTC_S2B1_lr0.001_clip0.2_ent0.01_ep8_bs16_cl32_gamma0.999_lam0.95_seed2,checkpoints/BTC/BTC_S2B1_lr0.001_clip0.2_ent0.01_ep8_bs16_cl32_gamma0.999_lam0.95_seed2/best.weights.h5,3,-2.821094231426828
BTC,btc_q200,200.0,4320,0.25,0.05,buy,BTC_PPO_3,2026-01-23_steps_5s.parquet,/Users/jackfletcher/Desktop/FYP_Data/Replay_5s_BTC/January/2026-01-23_steps_5s.parquet,3876,4320,-1.1704101701475994e-06,173.3689279,89376.25031377794,89745.35,21.00777407269115,26.631072099999827,0.8668446394999999,0.0,1.0,0.0117041017014759,BTC_S2B1_lr0.001_clip0.2_ent0.01_ep8_bs16_cl32_gamma0.999_lam0.95_seed2,checkpoints/BTC/BTC_S2B1_lr0.001_clip0.2_ent0.01_ep8_bs16_cl32_gamma0.999_lam0.95_seed2/best.weights.h5,4,-41.12744406501992
BTC,btc_q200,200.0,4320,0.25,0.05,buy,BTC_PPO_3,2026-01-26_steps_5s.parquet,/Users/jackfletcher/Desktop/FYP_Data/Replay_5s_BTC/January/2026-01-26_steps_5s.parquet,6599,4320,-1.8912926396773107e-06,181.13394985000028,87891.99662076714,87839.55,33.226058877513395,18.866050150000813,0.9056697492500014,0.0,1.0,0.018912926396773,BTC_S2B1_lr0.001_clip0.2_ent0.01_ep8_bs16_cl32_gamma0.999_lam0.95_seed2,checkpoints/BTC/BTC_S2B1_lr0.001_clip0.2_ent0.01_ep8_bs16_cl32_gamma0.999_lam0.95_seed2/best.weights.h5,5,5.970729673266285
BTC,btc_q200,200.0,4320,0.25,0.05,buy,BTC_PPO_3,2026-01-09_steps_5s.parquet,/Users/jackfletcher/Desktop/FYP_Data/Replay_5s_BTC/January/2026-01-09_steps_5s.parquet,2723,4320,-2.7068729664767972e-06,196.6130324000001,90865.18896486671,91266.55,49.40939138772072,3.3869676000007827,0.9830651620000004,0.0,1.0,0.027068729664768,BTC_S2B1_lr0.001_clip0.2_ent0.01_ep8_bs16_cl32_gamma0.999_lam0.95_seed2,checkpoints/BTC/BTC_S2B1_lr0.001_clip0.2_ent0.01_ep8_bs16_cl32_gamma0.999_lam0.95_seed2/best.weights.h5,6,-43.976794908242944
BTC,btc_q200,200.0,4320,0.25,0.05,buy,BTC_PPO_3,2026-01-29_steps_5s.parquet,/Users/jackfletcher/Desktop/FYP_Data/Replay_5s_BTC/January/2026-01-29_steps_5s.parquet,4263,4320,-8.373828795556354e-07,105.0257246999996,88089.00460457253,88172.05,14.766753025064732,94.97427530000064,0.5251286234999981,0.0,1.0,0.0083738287955563,BTC_S2B1_lr0.001_clip0.2_ent0.01_ep8_bs16_cl32_gamma0.999_lam0.95_seed2,checkpoints/BTC/BTC_S2B1_lr0.001_clip0.2_ent0.01_ep8_bs16_cl32_gamma0.999_lam0.95_seed2/best.weights.h5,7,-9.418562393351497
BTC,btc_q200,200.0,4320,0.25,0.05,buy,BTC_PPO_3,2026-01-19_steps_5s.parquet,/Users/jackfletcher/Desktop/FYP_Data/Replay_5s_BTC/January/2026-01-19_steps_5s.parquet,1176,4320,-1.6301616589813992e-06,126.35903875000052,92578.79195140544,92763.25,30.243818702501365,73.64096124999983,0.6317951937500026,0.0,1.0,0.016301616589814,BTC_S2B1_lr0.001_clip0.2_ent0.01_ep8_bs16_cl32_gamma0.999_lam0.95_seed2,checkpoints/BTC/BTC_S2B1_lr0.001_clip0.2_ent0.01_ep8_bs16_cl32_gamma0.999_lam0.95_seed2/best.weights.h5,8,-19.884819537323516
BTC,btc_q200,200.0,4320,0.25,0.05,buy,BTC_PPO_3,2026-01-21_steps_5s.parquet,/Users/jackfletcher/Desktop/FYP_Data/Replay_5s_BTC/January/2026-01-21_steps_5s.parquet,8839,3641,-4.432774447633521e-06,200.00000000000048,89171.74827082345,88419.25,78.38851841578395,5.82514368352574e-13,1.0000000000000024,1.0,0.0,0.0443277444763351,BTC_S2B1_lr0.001_clip0.2_ent0.01_ep8_bs16_cl32_gamma0.999_lam0.95_seed2,checkpoints/BTC/BTC_S2B1_lr0.001_clip0.2_ent0.01_ep8_bs16_cl32_gamma0.999_lam0.95_seed2/best.weights.h5,9,85.10570614695845
