asset,scenario_name,day_path,day_name,start_idx,target_qty,horizon_steps
DOGE,doge_q500000,/Users/jackfletcher/Desktop/FYP_Data/Replay_5s_DOGE/January/2026-01-17_steps_5s.parquet,2026-01-17_steps_5s.parquet,4382,500000.0,4320
DOGE,doge_q500000,/Users/jackfletcher/Desktop/FYP_Data/Replay_5s_DOGE/January/2026-01-17_steps_5s.parquet,2026-01-17_steps_5s.parquet,745,500000.0,4320
DOGE,doge_q500000,/Users/jackfletcher/Desktop/FYP_Data/Replay_5s_DOGE/January/2026-01-13_steps_5s.parquet,2026-01-13_steps_5s.parquet,1052,500000.0,4320
DOGE,doge_q500000,/Users/jackfletcher/Desktop/FYP_Data/Replay_5s_DOGE/January/2026-01-23_steps_5s.parquet,2026-01-23_steps_5s.parquet,1350,500000.0,4320
DOGE,doge_q500000,/Users/jackfletcher/Desktop/FYP_Data/Replay_5s_DOGE/January/2026-01-18_steps_5s.parquet,2026-01-18_steps_5s.parquet,1398,500000.0,4320
DOGE,doge_q500000,/Users/jackfletcher/Desktop/FYP_Data/Replay_5s_DOGE/January/2026-01-20_steps_5s.parquet,2026-01-20_steps_5s.parquet,12107,500000.0,4320
DOGE,doge_q500000,/Users/jackfletcher/Desktop/FYP_Data/Replay_5s_DOGE/January/2026-01-11_steps_5s.parquet,2026-01-11_steps_5s.parquet,7696,500000.0,4320
DOGE,doge_q500000,/Users/jackfletcher/Desktop/FYP_Data/Replay_5s_DOGE/January/2026-01-17_steps_5s.parquet,2026-01-17_steps_5s.parquet,2505,500000.0,4320
DOGE,doge_q500000,/Users/jackfletcher/Desktop/FYP_Data/Replay_5s_DOGE/January/2026-01-31_steps_5s.parquet,2026-01-31_steps_5s.parquet,4432,500000.0,4320
DOGE,doge_q500000,/Users/jackfletcher/Desktop/FYP_Data/Replay_5s_DOGE/January/2026-01-15_steps_5s.parquet,2026-01-15_steps_5s.parquet,172,500000.0,4320
DOGE,doge_q500000,/Users/jackfletcher/Desktop/FYP_Data/Replay_5s_DOGE/January/2026-01-19_steps_5s.parquet,2026-01-19_steps_5s.parquet,11208,500000.0,4320
DOGE,doge_q500000,/Users/jackfletcher/Desktop/FYP_Data/Replay_5s_DOGE/January/2026-01-14_steps_5s.parquet,2026-01-14_steps_5s.parquet,7845,500000.0,4320
DOGE,doge_q500000,/Users/jackfletcher/Desktop/FYP_Data/Replay_5s_DOGE/January/2026-01-14_steps_5s.parquet,2026-01-14_steps_5s.parquet,8532,500000.0,4320
DOGE,doge_q500000,/Users/jackfletcher/Desktop/FYP_Data/Replay_5s_DOGE/January/2026-01-19_steps_5s.parquet,2026-01-19_steps_5s.parquet,3932,500000.0,4320
DOGE,doge_q500000,/Users/jackfletcher/Desktop/FYP_Data/Replay_5s_DOGE/January/2026-01-24_steps_5s.parquet,2026-01-24_steps_5s.parquet,10047,500000.0,4320
DOGE,doge_q500000,/Users/jackfletcher/Desktop/FYP_Data/Replay_5s_DOGE/January/2026-01-14_steps_5s.parquet,2026-01-14_steps_5s.parquet,8562,500000.0,4320
DOGE,doge_q500000,/Users/jackfletcher/Desktop/FYP_Data/Replay_5s_DOGE/January/2026-01-28_steps_5s.parquet,2026-01-28_steps_5s.parquet,2528,500000.0,4320
DOGE,doge_q500000,/Users/jackfletcher/Desktop/FYP_Data/Replay_5s_DOGE/January/2026-01-30_steps_5s.parquet,2026-01-30_steps_5s.parquet,3000,500000.0,4320
DOGE,doge_q500000,/Users/jackfletcher/Desktop/FYP_Data/Replay_5s_DOGE/January/2026-01-10_steps_5s.parquet,2026-01-10_steps_5s.parquet,5128,500000.0,4320
DOGE,doge_q500000,/Users/jackfletcher/Desktop/FYP_Data/Replay_5s_DOGE/January/2026-01-28_steps_5s.parquet,2026-01-28_steps_5s.parquet,6776,500000.0,4320
DOGE,doge_q500000,/Users/jackfletcher/Desktop/FYP_Data/Replay_5s_DOGE/January/2026-01-16_steps_5s.parquet,2026-01-16_steps_5s.parquet,10334,500000.0,4320
DOGE,doge_q500000,/Users/jackfletcher/Desktop/FYP_Data/Replay_5s_DOGE/January/2026-01-15_steps_5s.parquet,2026-01-15_steps_5s.parquet,8587,500000.0,4320
DOGE,doge_q500000,/Users/jackfletcher/Desktop/FYP_Data/Replay_5s_DOGE/January/2026-01-24_steps_5s.parquet,2026-01-24_steps_5s.parquet,1788,500000.0,4320
DOGE,doge_q500000,/Users/jackfletcher/Desktop/FYP_Data/Replay_5s_DOGE/January/2026-01-22_steps_5s.parquet,2026-01-22_steps_5s.parquet,4057,500000.0,4320
DOGE,doge_q500000,/Users/jackfletcher/Desktop/FYP_Data/Replay_5s_DOGE/January/2026-01-21_steps_5s.parquet,2026-01-21_steps_5s.parquet,3311,500000.0,4320
DOGE,doge_q500000,/Users/jackfletcher/Desktop/FYP_Data/Replay_5s_DOGE/January/2026-01-14_steps_5s.parquet,2026-01-14_steps_5s.parquet,10295,500000.0,4320
DOGE,doge_q500000,/Users/jackfletcher/Desktop/FYP_Data/Replay_5s_DOGE/January/2026-01-25_steps_5s.parquet,2026-01-25_steps_5s.parquet,2169,500000.0,4320
DOGE,doge_q500000,/Users/jackfletcher/Desktop/FYP_Data/Replay_5s_DOGE/January/2026-01-22_steps_5s.parquet,2026-01-22_steps_5s.parquet,6482,500000.0,4320
DOGE,doge_q500000,/Users/jackfletcher/Desktop/FYP_Data/Replay_5s_DOGE/January/2026-01-18_steps_5s.parquet,2026-01-18_steps_5s.parquet,5987,500000.0,4320
DOGE,doge_q500000,/Users/jackfletcher/Desktop/FYP_Data/Replay_5s_DOGE/January/2026-01-12_steps_5s.parquet,2026-01-12_steps_5s.parquet,3917,500000.0,4320
DOGE,doge_q500000,/Users/jackfletcher/Desktop/FYP_Data/Replay_5s_DOGE/January/2026-01-30_steps_5s.parquet,2026-01-30_steps_5s.parquet,7295,500000.0,4320
DOGE,doge_q500000,/Users/jackfletcher/Desktop/FYP_Data/Replay_5s_DOGE/January/2026-01-27_steps_5s.parquet,2026-01-27_steps_5s.parquet,6487,500000.0,4320
DOGE,doge_q500000,/Users/jackfletcher/Desktop/FYP_Data/Replay_5s_DOGE/January/2026-01-24_steps_5s.parquet,2026-01-24_steps_5s.parquet,7429,500000.0,4320
DOGE,doge_q500000,/Users/jackfletcher/Desktop/FYP_Data/Replay_5s_DOGE/January/2026-01-27_steps_5s.parquet,2026-01-27_steps_5s.parquet,972,500000.0,4320
DOGE,doge_q500000,/Users/jackfletcher/Desktop/FYP_Data/Replay_5s_DOGE/January/2026-01-14_steps_5s.parquet,2026-01-14_steps_5s.parquet,10919,500000.0,4320
DOGE,doge_q500000,/Users/jackfletcher/Desktop/FYP_Data/Replay_5s_DOGE/January/2026-01-14_steps_5s.parquet,2026-01-14_steps_5s.parquet,5058,500000.0,4320
DOGE,doge_q500000,/Users/jackfletcher/Desktop/FYP_Data/Replay_5s_DOGE/January/2026-01-18_steps_5s.parquet,2026-01-18_steps_5s.parquet,9460,500000.0,4320
DOGE,doge_q500000,/Users/jackfletcher/Desktop/FYP_Data/Replay_5s_DOGE/January/2026-01-25_steps_5s.parquet,2026-01-25_steps_5s.parquet,11461,500000.0,4320
DOGE,doge_q500000,/Users/jackfletcher/Desktop/FYP_Data/Replay_5s_DOGE/January/2026-01-14_steps_5s.parquet,2026-01-14_steps_5s.parquet,9992,500000.0,4320
DOGE,doge_q500000,/Users/jackfletcher/Desktop/FYP_Data/Replay_5s_DOGE/January/2026-01-17_steps_5s.parquet,2026-01-17_steps_5s.parquet,7644,500000.0,4320
DOGE,doge_q500000,/Users/jackfletcher/Desktop/FYP_Data/Replay_5s_DOGE/January/2026-01-08_steps_5s.parquet,2026-01-08_steps_5s.parquet,6085,500000.0,4320
DOGE,doge_q500000,/Users/jackfletcher/Desktop/FYP_Data/Replay_5s_DOGE/January/2026-01-26_steps_5s.parquet,2026-01-26_steps_5s.parquet,7854,500000.0,4320
DOGE,doge_q500000,/Users/jackfletcher/Desktop/FYP_Data/Replay_5s_DOGE/January/2026-01-12_steps_5s.parquet,2026-01-12_steps_5s.parquet,378,500000.0,4320
DOGE,doge_q500000,/Users/jackfletcher/Desktop/FYP_Data/Replay_5s_DOGE/January/2026-01-29_steps_5s.parquet,2026-01-29_steps_5s.parquet,2447,500000.0,4320
DOGE,doge_q500000,/Users/jackfletcher/Desktop/FYP_Data/Replay_5s_DOGE/January/2026-01-28_steps_5s.parquet,2026-01-28_steps_5s.parquet,1999,500000.0,4320
DOGE,doge_q500000,/Users/jackfletcher/Desktop/FYP_Data/Replay_5s_DOGE/January/2026-01-10_steps_5s.parquet,2026-01-10_steps_5s.parquet,12721,500000.0,4320
DOGE,doge_q500000,/Users/jackfletcher/Desktop/FYP_Data/Replay_5s_DOGE/January/2026-01-10_steps_5s.parquet,2026-01-10_steps_5s.parquet,11304,500000.0,4320
DOGE,doge_q500000,/Users/jackfletcher/Desktop/FYP_Data/Replay_5s_DOGE/January/2026-01-31_steps_5s.parquet,2026-01-31_steps_5s.parquet,3978,500000.0,4320
DOGE,doge_q500000,/Users/jackfletcher/Desktop/FYP_Data/Replay_5s_DOGE/January/2026-01-09_steps_5s.parquet,2026-01-09_steps_5s.parquet,12897,500000.0,4320
DOGE,doge_q500000,/Users/jackfletcher/Desktop/FYP_Data/Replay_5s_DOGE/January/2026-01-11_steps_5s.parquet,2026-01-11_steps_5s.parquet,10976,500000.0,4320
DOGE,doge_q500000,/Users/jackfletcher/Desktop/FYP_Data/Replay_5s_DOGE/January/2026-01-27_steps_5s.parquet,2026-01-27_steps_5s.parquet,8559,500000.0,4320
DOGE,doge_q500000,/Users/jackfletcher/Desktop/FYP_Data/Replay_5s_DOGE/January/2026-01-25_steps_5s.parquet,2026-01-25_steps_5s.parquet,7644,500000.0,4320
DOGE,doge_q500000,/Users/jackfletcher/Desktop/FYP_Data/Replay_5s_DOGE/January/2026-01-25_steps_5s.parquet,2026-01-25_steps_5s.parquet,11848,500000.0,4320
DOGE,doge_q500000,/Users/jackfletcher/Desktop/FYP_Data/Replay_5s_DOGE/January/2026-01-11_steps_5s.parquet,2026-01-11_steps_5s.parquet,9383,500000.0,4320
DOGE,doge_q500000,/Users/jackfletcher/Desktop/FYP_Data/Replay_5s_DOGE/January/2026-01-28_steps_5s.parquet,2026-01-28_steps_5s.parquet,424,500000.0,4320
DOGE,doge_q500000,/Users/jackfletcher/Desktop/FYP_Data/Replay_5s_DOGE/January/2026-01-19_steps_5s.parquet,2026-01-19_steps_5s.parquet,10993,500000.0,4320
DOGE,doge_q500000,/Users/jackfletcher/Desktop/FYP_Data/Replay_5s_DOGE/January/2026-01-26_steps_5s.parquet,2026-01-26_steps_5s.parquet,921,500000.0,4320
DOGE,doge_q500000,/Users/jackfletcher/Desktop/FYP_Data/Replay_5s_DOGE/January/2026-01-28_steps_5s.parquet,2026-01-28_steps_5s.parquet,5448,500000.0,4320
DOGE,doge_q500000,/Users/jackfletcher/Desktop/FYP_Data/Replay_5s_DOGE/January/2026-01-26_steps_5s.parquet,2026-01-26_steps_5s.parquet,11359,500000.0,4320
DOGE,doge_q500000,/Users/jackfletcher/Desktop/FYP_Data/Replay_5s_DOGE/January/2026-01-28_steps_5s.parquet,2026-01-28_steps_5s.parquet,3286,500000.0,4320
DOGE,doge_q500000,/Users/jackfletcher/Desktop/FYP_Data/Replay_5s_DOGE/January/2026-01-16_steps_5s.parquet,2026-01-16_steps_5s.parquet,4860,500000.0,4320
DOGE,doge_q500000,/Users/jackfletcher/Desktop/FYP_Data/Replay_5s_DOGE/January/2026-01-27_steps_5s.parquet,2026-01-27_steps_5s.parquet,4647,500000.0,4320
DOGE,doge_q500000,/Users/jackfletcher/Desktop/FYP_Data/Replay_5s_DOGE/January/2026-01-29_steps_5s.parquet,2026-01-29_steps_5s.parquet,8460,500000.0,4320
DOGE,doge_q500000,/Users/jackfletcher/Desktop/FYP_Data/Replay_5s_DOGE/January/2026-01-24_steps_5s.parquet,2026-01-24_steps_5s.parquet,11866,500000.0,4320
DOGE,doge_q500000,/Users/jackfletcher/Desktop/FYP_Data/Replay_5s_DOGE/January/2026-01-17_steps_5s.parquet,2026-01-17_steps_5s.parquet,767,500000.0,4320
DOGE,doge_q500000,/Users/jackfletcher/Desktop/FYP_Data/Replay_5s_DOGE/January/2026-01-24_steps_5s.parquet,2026-01-24_steps_5s.parquet,4627,500000.0,4320
DOGE,doge_q500000,/Users/jackfletcher/Desktop/FYP_Data/Replay_5s_DOGE/January/2026-01-29_steps_5s.parquet,2026-01-29_steps_5s.parquet,9929,500000.0,4320
DOGE,doge_q500000,/Users/jackfletcher/Desktop/FYP_Data/Replay_5s_DOGE/January/2026-01-31_steps_5s.parquet,2026-01-31_steps_5s.parquet,8392,500000.0,4320
DOGE,doge_q500000,/Users/jackfletcher/Desktop/FYP_Data/Replay_5s_DOGE/January/2026-01-22_steps_5s.parquet,2026-01-22_steps_5s.parquet,7089,500000.0,4320
DOGE,doge_q500000,/Users/jackfletcher/Desktop/FYP_Data/Replay_5s_DOGE/January/2026-01-12_steps_5s.parquet,2026-01-12_steps_5s.parquet,12692,500000.0,4320
DOGE,doge_q500000,/Users/jackfletcher/Desktop/FYP_Data/Replay_5s_DOGE/January/2026-01-12_steps_5s.parquet,2026-01-12_steps_5s.parquet,3176,500000.0,4320
DOGE,doge_q500000,/Users/jackfletcher/Desktop/FYP_Data/Replay_5s_DOGE/January/2026-01-20_steps_5s.parquet,2026-01-20_steps_5s.parquet,9905,500000.0,4320
DOGE,doge_q500000,/Users/jackfletcher/Desktop/FYP_Data/Replay_5s_DOGE/January/2026-01-13_steps_5s.parquet,2026-01-13_steps_5s.parquet,9535,500000.0,4320
DOGE,doge_q500000,/Users/jackfletcher/Desktop/FYP_Data/Replay_5s_DOGE/January/2026-01-17_steps_5s.parquet,2026-01-17_steps_5s.parquet,11797,500000.0,4320
DOGE,doge_q500000,/Users/jackfletcher/Desktop/FYP_Data/Replay_5s_DOGE/January/2026-01-15_steps_5s.parquet,2026-01-15_steps_5s.parquet,10965,500000.0,4320
DOGE,doge_q500000,/Users/jackfletcher/Desktop/FYP_Data/Replay_5s_DOGE/January/2026-01-13_steps_5s.parquet,2026-01-13_steps_5s.parquet,1597,500000.0,4320
DOGE,doge_q500000,/Users/jackfletcher/Desktop/FYP_Data/Replay_5s_DOGE/January/2026-01-12_steps_5s.parquet,2026-01-12_steps_5s.parquet,12174,500000.0,4320
DOGE,doge_q500000,/Users/jackfletcher/Desktop/FYP_Data/Replay_5s_DOGE/January/2026-01-20_steps_5s.parquet,2026-01-20_steps_5s.parquet,2509,500000.0,4320
DOGE,doge_q500000,/Users/jackfletcher/Desktop/FYP_Data/Replay_5s_DOGE/January/2026-01-23_steps_5s.parquet,2026-01-23_steps_5s.parquet,9048,500000.0,4320
DOGE,doge_q500000,/Users/jackfletcher/Desktop/FYP_Data/Replay_5s_DOGE/January/2026-01-25_steps_5s.parquet,2026-01-25_steps_5s.parquet,1740,500000.0,4320
DOGE,doge_q500000,/Users/jackfletcher/Desktop/FYP_Data/Replay_5s_DOGE/January/2026-01-29_steps_5s.parquet,2026-01-29_steps_5s.parquet,10068,500000.0,4320
DOGE,doge_q500000,/Users/jackfletcher/Desktop/FYP_Data/Replay_5s_DOGE/January/2026-01-28_steps_5s.parquet,2026-01-28_steps_5s.parquet,7680,500000.0,4320
DOGE,doge_q500000,/Users/jackfletcher/Desktop/FYP_Data/Replay_5s_DOGE/January/2026-01-30_steps_5s.parquet,2026-01-30_steps_5s.parquet,8772,500000.0,4320
DOGE,doge_q500000,/Users/jackfletcher/Desktop/FYP_Data/Replay_5s_DOGE/January/2026-01-30_steps_5s.parquet,2026-01-30_steps_5s.parquet,8585,500000.0,4320
DOGE,doge_q500000,/Users/jackfletcher/Desktop/FYP_Data/Replay_5s_DOGE/January/2026-01-14_steps_5s.parquet,2026-01-14_steps_5s.parquet,6041,500000.0,4320
DOGE,doge_q500000,/Users/jackfletcher/Desktop/FYP_Data/Replay_5s_DOGE/January/2026-01-20_steps_5s.parquet,2026-01-20_steps_5s.parquet,5078,500000.0,4320
DOGE,doge_q500000,/Users/jackfletcher/Desktop/FYP_Data/Replay_5s_DOGE/January/2026-01-22_steps_5s.parquet,2026-01-22_steps_5s.parquet,8526,500000.0,4320
DOGE,doge_q500000,/Users/jackfletcher/Desktop/FYP_Data/Replay_5s_DOGE/January/2026-01-30_steps_5s.parquet,2026-01-30_steps_5s.parquet,4923,500000.0,4320
DOGE,doge_q500000,/Users/jackfletcher/Desktop/FYP_Data/Replay_5s_DOGE/January/2026-01-27_steps_5s.parquet,2026-01-27_steps_5s.parquet,6691,500000.0,4320
DOGE,doge_q500000,/Users/jackfletcher/Desktop/FYP_Data/Replay_5s_DOGE/January/2026-01-15_steps_5s.parquet,2026-01-15_steps_5s.parquet,9493,500000.0,4320
DOGE,doge_q500000,/Users/jackfletcher/Desktop/FYP_Data/Replay_5s_DOGE/January/2026-01-25_steps_5s.parquet,2026-01-25_steps_5s.parquet,9570,500000.0,4320
DOGE,doge_q500000,/Users/jackfletcher/Desktop/FYP_Data/Replay_5s_DOGE/January/2026-01-26_steps_5s.parquet,2026-01-26_steps_5s.parquet,10836,500000.0,4320
DOGE,doge_q500000,/Users/jackfletcher/Desktop/FYP_Data/Replay_5s_DOGE/January/2026-01-16_steps_5s.parquet,2026-01-16_steps_5s.parquet,2375,500000.0,4320
DOGE,doge_q500000,/Users/jackfletcher/Desktop/FYP_Data/Replay_5s_DOGE/January/2026-01-28_steps_5s.parquet,2026-01-28_steps_5s.parquet,10685,500000.0,4320
DOGE,doge_q500000,/Users/jackfletcher/Desktop/FYP_Data/Replay_5s_DOGE/January/2026-01-15_steps_5s.parquet,2026-01-15_steps_5s.parquet,10043,500000.0,4320
DOGE,doge_q500000,/Users/jackfletcher/Desktop/FYP_Data/Replay_5s_DOGE/January/2026-01-08_steps_5s.parquet,2026-01-08_steps_5s.parquet,1329,500000.0,4320
DOGE,doge_q500000,/Users/jackfletcher/Desktop/FYP_Data/Replay_5s_DOGE/January/2026-01-23_steps_5s.parquet,2026-01-23_steps_5s.parquet,5032,500000.0,4320
DOGE,doge_q500000,/Users/jackfletcher/Desktop/FYP_Data/Replay_5s_DOGE/January/2026-01-26_steps_5s.parquet,2026-01-26_steps_5s.parquet,3989,500000.0,4320
DOGE,doge_q500000,/Users/jackfletcher/Desktop/FYP_Data/Replay_5s_DOGE/January/2026-01-21_steps_5s.parquet,2026-01-21_steps_5s.parquet,8864,500000.0,4320
DOGE,doge_q500000,/Users/jackfletcher/Desktop/FYP_Data/Replay_5s_DOGE/January/2026-01-22_steps_5s.parquet,2026-01-22_steps_5s.parquet,9789,500000.0,4320
DOGE,doge_q1e+06,/Users/jackfletcher/Desktop/FYP_Data/Replay_5s_DOGE/January/2026-01-21_steps_5s.parquet,2026-01-21_steps_5s.parquet,4407,1000000.0,4320
DOGE,doge_q1e+06,/Users/jackfletcher/Desktop/FYP_Data/Replay_5s_DOGE/January/2026-01-08_steps_5s.parquet,2026-01-08_steps_5s.parquet,10297,1000000.0,4320
DOGE,doge_q1e+06,/Users/jackfletcher/Desktop/FYP_Data/Replay_5s_DOGE/January/2026-01-18_steps_5s.parquet,2026-01-18_steps_5s.parquet,856,1000000.0,4320
DOGE,doge_q1e+06,/Users/jackfletcher/Desktop/FYP_Data/Replay_5s_DOGE/January/2026-01-10_steps_5s.parquet,2026-01-10_steps_5s.parquet,3263,1000000.0,4320
DOGE,doge_q1e+06,/Users/jackfletcher/Desktop/FYP_Data/Replay_5s_DOGE/January/2026-01-28_steps_5s.parquet,2026-01-28_steps_5s.parquet,9699,1000000.0,4320
DOGE,doge_q1e+06,/Users/jackfletcher/Desktop/FYP_Data/Replay_5s_DOGE/January/2026-01-12_steps_5s.parquet,2026-01-12_steps_5s.parquet,5349,1000000.0,4320
DOGE,doge_q1e+06,/Users/jackfletcher/Desktop/FYP_Data/Replay_5s_DOGE/January/2026-01-20_steps_5s.parquet,2026-01-20_steps_5s.parquet,9376,1000000.0,4320
DOGE,doge_q1e+06,/Users/jackfletcher/Desktop/FYP_Data/Replay_5s_DOGE/January/2026-01-27_steps_5s.parquet,2026-01-27_steps_5s.parquet,668,1000000.0,4320
DOGE,doge_q1e+06,/Users/jackfletcher/Desktop/FYP_Data/Replay_5s_DOGE/January/2026-01-11_steps_5s.parquet,2026-01-11_steps_5s.parquet,10543,1000000.0,4320
DOGE,doge_q1e+06,/Users/jackfletcher/Desktop/FYP_Data/Replay_5s_DOGE/January/2026-01-19_steps_5s.parquet,2026-01-19_steps_5s.parquet,4001,1000000.0,4320
DOGE,doge_q1e+06,/Users/jackfletcher/Desktop/FYP_Data/Replay_5s_DOGE/January/2026-01-26_steps_5s.parquet,2026-01-26_steps_5s.parquet,2653,1000000.0,4320
DOGE,doge_q1e+06,/Users/jackfletcher/Desktop/FYP_Data/Replay_5s_DOGE/January/2026-01-16_steps_5s.parquet,2026-01-16_steps_5s.parquet,12663,1000000.0,4320
DOGE,doge_q1e+06,/Users/jackfletcher/Desktop/FYP_Data/Replay_5s_DOGE/January/2026-01-22_steps_5s.parquet,2026-01-22_steps_5s.parquet,10332,1000000.0,4320
DOGE,doge_q1e+06,/Users/jackfletcher/Desktop/FYP_Data/Replay_5s_DOGE/January/2026-01-09_steps_5s.parquet,2026-01-09_steps_5s.parquet,12589,1000000.0,4320
DOGE,doge_q1e+06,/Users/jackfletcher/Desktop/FYP_Data/Replay_5s_DOGE/January/2026-01-15_steps_5s.parquet,2026-01-15_steps_5s.parquet,50,1000000.0,4320
DOGE,doge_q1e+06,/Users/jackfletcher/Desktop/FYP_Data/Replay_5s_DOGE/January/2026-01-14_steps_5s.parquet,2026-01-14_steps_5s.parquet,5868,1000000.0,4320
DOGE,doge_q1e+06,/Users/jackfletcher/Desktop/FYP_Data/Replay_5s_DOGE/January/2026-01-27_steps_5s.parquet,2026-01-27_steps_5s.parquet,8646,1000000.0,4320
DOGE,doge_q1e+06,/Users/jackfletcher/Desktop/FYP_Data/Replay_5s_DOGE/January/2026-01-29_steps_5s.parquet,2026-01-29_steps_5s.parquet,3272,1000000.0,4320
DOGE,doge_q1e+06,/Users/jackfletcher/Desktop/FYP_Data/Replay_5s_DOGE/January/2026-01-31_steps_5s.parquet,2026-01-31_steps_5s.parquet,12628,1000000.0,4320
DOGE,doge_q1e+06,/Users/jackfletcher/Desktop/FYP_Data/Replay_5s_DOGE/January/2026-01-17_steps_5s.parquet,2026-01-17_steps_5s.parquet,5391,1000000.0,4320
DOGE,doge_q1e+06,/Users/jackfletcher/Desktop/FYP_Data/Replay_5s_DOGE/January/2026-01-19_steps_5s.parquet,2026-01-19_steps_5s.parquet,12209,1000000.0,4320
DOGE,doge_q1e+06,/Users/jackfletcher/Desktop/FYP_Data/Replay_5s_DOGE/January/2026-01-12_steps_5s.parquet,2026-01-12_steps_5s.parquet,7354,1000000.0,4320
DOGE,doge_q1e+06,/Users/jackfletcher/Desktop/FYP_Data/Replay_5s_DOGE/January/2026-01-30_steps_5s.parquet,2026-01-30_steps_5s.parquet,11425,1000000.0,4320
DOGE,doge_q1e+06,/Users/jackfletcher/Desktop/FYP_Data/Replay_5s_DOGE/January/2026-01-11_steps_5s.parquet,2026-01-11_steps_5s.parquet,12399,1000000.0,4320
DOGE,doge_q1e+06,/Users/jackfletcher/Desktop/FYP_Data/Replay_5s_DOGE/January/2026-01-09_steps_5s.parquet,2026-01-09_steps_5s.parquet,8384,1000000.0,4320
DOGE,doge_q1e+06,/Users/jackfletcher/Desktop/FYP_Data/Replay_5s_DOGE/January/2026-01-23_steps_5s.parquet,2026-01-23_steps_5s.parquet,8755,1000000.0,4320
DOGE,doge_q1e+06,/Users/jackfletcher/Desktop/FYP_Data/Replay_5s_DOGE/January/2026-01-16_steps_5s.parquet,2026-01-16_steps_5s.parquet,7641,1000000.0,4320
DOGE,doge_q1e+06,/Users/jackfletcher/Desktop/FYP_Data/Replay_5s_DOGE/January/2026-01-13_steps_5s.parquet,2026-01-13_steps_5s.parquet,8316,1000000.0,4320
DOGE,doge_q1e+06,/Users/jackfletcher/Desktop/FYP_Data/Replay_5s_DOGE/January/2026-01-12_steps_5s.parquet,2026-01-12_steps_5s.parquet,11136,1000000.0,4320
DOGE,doge_q1e+06,/Users/jackfletcher/Desktop/FYP_Data/Replay_5s_DOGE/January/2026-01-30_steps_5s.parquet,2026-01-30_steps_5s.parquet,9641,1000000.0,4320
DOGE,doge_q1e+06,/Users/jackfletcher/Desktop/FYP_Data/Replay_5s_DOGE/January/2026-01-27_steps_5s.parquet,2026-01-27_steps_5s.parquet,9307,1000000.0,4320
DOGE,doge_q1e+06,/Users/jackfletcher/Desktop/FYP_Data/Replay_5s_DOGE/January/2026-01-13_steps_5s.parquet,2026-01-13_steps_5s.parquet,10157,1000000.0,4320
DOGE,doge_q1e+06,/Users/jackfletcher/Desktop/FYP_Data/Replay_5s_DOGE/January/2026-01-24_steps_5s.parquet,2026-01-24_steps_5s.parquet,9622,1000000.0,4320
DOGE,doge_q1e+06,/Users/jackfletcher/Desktop/FYP_Data/Replay_5s_DOGE/January/2026-01-31_steps_5s.parquet,2026-01-31_steps_5s.parquet,10664,1000000.0,4320
DOGE,doge_q1e+06,/Users/jackfletcher/Desktop/FYP_Data/Replay_5s_DOGE/January/2026-01-24_steps_5s.parquet,2026-01-24_steps_5s.parquet,7706,1000000.0,4320
DOGE,doge_q1e+06,/Users/jackfletcher/Desktop/FYP_Data/Replay_5s_DOGE/January/2026-01-11_steps_5s.parquet,2026-01-11_steps_5s.parquet,12426,1000000.0,4320
DOGE,doge_q1e+06,/Users/jackfletcher/Desktop/FYP_Data/Replay_5s_DOGE/January/2026-01-21_steps_5s.parquet,2026-01-21_steps_5s.parquet,784,1000000.0,4320
DOGE,doge_q1e+06,/Users/jackfletcher/Desktop/FYP_Data/Replay_5s_DOGE/January/2026-01-10_steps_5s.parquet,2026-01-10_steps_5s.parquet,10952,1000000.0,4320
DOGE,doge_q1e+06,/Users/jackfletcher/Desktop/FYP_Data/Replay_5s_DOGE/January/2026-01-28_steps_5s.parquet,2026-01-28_steps_5s.parquet,5354,1000000.0,4320
DOGE,doge_q1e+06,/Users/jackfletcher/Desktop/FYP_Data/Replay_5s_DOGE/January/2026-01-23_steps_5s.parquet,2026-01-23_steps_5s.parquet,7151,1000000.0,4320
DOGE,doge_q1e+06,/Users/jackfletcher/Desktop/FYP_Data/Replay_5s_DOGE/January/2026-01-30_steps_5s.parquet,2026-01-30_steps_5s.parquet,1186,1000000.0,4320
DOGE,doge_q1e+06,/Users/jackfletcher/Desktop/FYP_Data/Replay_5s_DOGE/January/2026-01-25_steps_5s.parquet,2026-01-25_steps_5s.parquet,5846,1000000.0,4320
DOGE,doge_q1e+06,/Users/jackfletcher/Desktop/FYP_Data/Replay_5s_DOGE/January/2026-01-20_steps_5s.parquet,2026-01-20_steps_5s.parquet,7224,1000000.0,4320
DOGE,doge_q1e+06,/Users/jackfletcher/Desktop/FYP_Data/Replay_5s_DOGE/January/2026-01-29_steps_5s.parquet,2026-01-29_steps_5s.parquet,3837,1000000.0,4320
DOGE,doge_q1e+06,/Users/jackfletcher/Desktop/FYP_Data/Replay_5s_DOGE/January/2026-01-18_steps_5s.parquet,2026-01-18_steps_5s.parquet,5015,1000000.0,4320
DOGE,doge_q1e+06,/Users/jackfletcher/Desktop/FYP_Data/Replay_5s_DOGE/January/2026-01-13_steps_5s.parquet,2026-01-13_steps_5s.parquet,10811,1000000.0,4320
DOGE,doge_q1e+06,/Users/jackfletcher/Desktop/FYP_Data/Replay_5s_DOGE/January/2026-01-13_steps_5s.parquet,2026-01-13_steps_5s.parquet,6763,1000000.0,4320
DOGE,doge_q1e+06,/Users/jackfletcher/Desktop/FYP_Data/Replay_5s_DOGE/January/2026-01-20_steps_5s.parquet,2026-01-20_steps_5s.parquet,1387,1000000.0,4320
DOGE,doge_q1e+06,/Users/jackfletcher/Desktop/FYP_Data/Replay_5s_DOGE/January/2026-01-27_steps_5s.parquet,2026-01-27_steps_5s.parquet,5234,1000000.0,4320
DOGE,doge_q1e+06,/Users/jackfletcher/Desktop/FYP_Data/Replay_5s_DOGE/January/2026-01-27_steps_5s.parquet,2026-01-27_steps_5s.parquet,6561,1000000.0,4320
DOGE,doge_q1e+06,/Users/jackfletcher/Desktop/FYP_Data/Replay_5s_DOGE/January/2026-01-08_steps_5s.parquet,2026-01-08_steps_5s.parquet,1101,1000000.0,4320
DOGE,doge_q1e+06,/Users/jackfletcher/Desktop/FYP_Data/Replay_5s_DOGE/January/2026-01-17_steps_5s.parquet,2026-01-17_steps_5s.parquet,8102,1000000.0,4320
DOGE,doge_q1e+06,/Users/jackfletcher/Desktop/FYP_Data/Replay_5s_DOGE/January/2026-01-26_steps_5s.parquet,2026-01-26_steps_5s.parquet,12495,1000000.0,4320
DOGE,doge_q1e+06,/Users/jackfletcher/Desktop/FYP_Data/Replay_5s_DOGE/January/2026-01-08_steps_5s.parquet,2026-01-08_steps_5s.parquet,7720,1000000.0,4320
DOGE,doge_q1e+06,/Users/jackfletcher/Desktop/FYP_Data/Replay_5s_DOGE/January/2026-01-27_steps_5s.parquet,2026-01-27_steps_5s.parquet,10923,1000000.0,4320
DOGE,doge_q1e+06,/Users/jackfletcher/Desktop/FYP_Data/Replay_5s_DOGE/January/2026-01-16_steps_5s.parquet,2026-01-16_steps_5s.parquet,8118,1000000.0,4320
DOGE,doge_q1e+06,/Users/jackfletcher/Desktop/FYP_Data/Replay_5s_DOGE/January/2026-01-24_steps_5s.parquet,2026-01-24_steps_5s.parquet,12563,1000000.0,4320
DOGE,doge_q1e+06,/Users/jackfletcher/Desktop/FYP_Data/Replay_5s_DOGE/January/2026-01-24_steps_5s.parquet,2026-01-24_steps_5s.parquet,12422,1000000.0,4320
DOGE,doge_q1e+06,/Users/jackfletcher/Desktop/FYP_Data/Replay_5s_DOGE/January/2026-01-11_steps_5s.parquet,2026-01-11_steps_5s.parquet,2936,1000000.0,4320
DOGE,doge_q1e+06,/Users/jackfletcher/Desktop/FYP_Data/Replay_5s_DOGE/January/2026-01-17_steps_5s.parquet,2026-01-17_steps_5s.parquet,5974,1000000.0,4320
DOGE,doge_q1e+06,/Users/jackfletcher/Desktop/FYP_Data/Replay_5s_DOGE/January/2026-01-11_steps_5s.parquet,2026-01-11_steps_5s.parquet,5823,1000000.0,4320
DOGE,doge_q1e+06,/Users/jackfletcher/Desktop/FYP_Data/Replay_5s_DOGE/January/2026-01-28_steps_5s.parquet,2026-01-28_steps_5s.parquet,3536,1000000.0,4320
DOGE,doge_q1e+06,/Users/jackfletcher/Desktop/FYP_Data/Replay_5s_DOGE/January/2026-01-25_steps_5s.parquet,2026-01-25_steps_5s.parquet,3135,1000000.0,4320
DOGE,doge_q1e+06,/Users/jackfletcher/Desktop/FYP_Data/Replay_5s_DOGE/January/2026-01-11_steps_5s.parquet,2026-01-11_steps_5s.parquet,4990,1000000.0,4320
DOGE,doge_q1e+06,/Users/jackfletcher/Desktop/FYP_Data/Replay_5s_DOGE/January/2026-01-24_steps_5s.parquet,2026-01-24_steps_5s.parquet,6057,1000000.0,4320
DOGE,doge_q1e+06,/Users/jackfletcher/Desktop/FYP_Data/Replay_5s_DOGE/January/2026-01-23_steps_5s.parquet,2026-01-23_steps_5s.parquet,9838,1000000.0,4320
DOGE,doge_q1e+06,/Users/jackfletcher/Desktop/FYP_Data/Replay_5s_DOGE/January/2026-01-15_steps_5s.parquet,2026-01-15_steps_5s.parquet,3683,1000000.0,4320
DOGE,doge_q1e+06,/Users/jackfletcher/Desktop/FYP_Data/Replay_5s_DOGE/January/2026-01-25_steps_5s.parquet,2026-01-25_steps_5s.parquet,2831,1000000.0,4320
DOGE,doge_q1e+06,/Users/jackfletcher/Desktop/FYP_Data/Replay_5s_DOGE/January/2026-01-25_steps_5s.parquet,2026-01-25_steps_5s.parquet,7916,1000000.0,4320
DOGE,doge_q1e+06,/Users/jackfletcher/Desktop/FYP_Data/Replay_5s_DOGE/January/2026-01-09_steps_5s.parquet,2026-01-09_steps_5s.parquet,12287,1000000.0,4320
DOGE,doge_q1e+06,/Users/jackfletcher/Desktop/FYP_Data/Replay_5s_DOGE/January/2026-01-16_steps_5s.parquet,2026-01-16_steps_5s.parquet,3063,1000000.0,4320
DOGE,doge_q1e+06,/Users/jackfletcher/Desktop/FYP_Data/Replay_5s_DOGE/January/2026-01-13_steps_5s.parquet,2026-01-13_steps_5s.parquet,5509,1000000.0,4320
DOGE,doge_q1e+06,/Users/jackfletcher/Desktop/FYP_Data/Replay_5s_DOGE/January/2026-01-16_steps_5s.parquet,2026-01-16_steps_5s.parquet,11203,1000000.0,4320
DOGE,doge_q1e+06,/Users/jackfletcher/Desktop/FYP_Data/Replay_5s_DOGE/January/2026-01-31_steps_5s.parquet,2026-01-31_steps_5s.parquet,1325,1000000.0,4320
DOGE,doge_q1e+06,/Users/jackfletcher/Desktop/FYP_Data/Replay_5s_DOGE/January/2026-01-30_steps_5s.parquet,2026-01-30_steps_5s.parquet,11746,1000000.0,4320
DOGE,doge_q1e+06,/Users/jackfletcher/Desktop/FYP_Data/Replay_5s_DOGE/January/2026-01-10_steps_5s.parquet,2026-01-10_steps_5s.parquet,8717,1000000.0,4320
DOGE,doge_q1e+06,/Users/jackfletcher/Desktop/FYP_Data/Replay_5s_DOGE/January/2026-01-27_steps_5s.parquet,2026-01-27_steps_5s.parquet,5591,1000000.0,4320
DOGE,doge_q1e+06,/Users/jackfletcher/Desktop/FYP_Data/Replay_5s_DOGE/January/2026-01-24_steps_5s.parquet,2026-01-24_steps_5s.parquet,12313,1000000.0,4320
DOGE,doge_q1e+06,/Users/jackfletcher/Desktop/FYP_Data/Replay_5s_DOGE/January/2026-01-18_steps_5s.parquet,2026-01-18_steps_5s.parquet,8026,1000000.0,4320
DOGE,doge_q1e+06,/Users/jackfletcher/Desktop/FYP_Data/Replay_5s_DOGE/January/2026-01-08_steps_5s.parquet,2026-01-08_steps_5s.parquet,11235,1000000.0,4320
DOGE,doge_q1e+06,/Users/jackfletcher/Desktop/FYP_Data/Replay_5s_DOGE/January/2026-01-24_steps_5s.parquet,2026-01-24_steps_5s.parquet,11398,1000000.0,4320
DOGE,doge_q1e+06,/Users/jackfletcher/Desktop/FYP_Data/Replay_5s_DOGE/January/2026-01-20_steps_5s.parquet,2026-01-20_steps_5s.parquet,2184,1000000.0,4320
DOGE,doge_q1e+06,/Users/jackfletcher/Desktop/FYP_Data/Replay_5s_DOGE/January/2026-01-20_steps_5s.parquet,2026-01-20_steps_5s.parquet,5626,1000000.0,4320
DOGE,doge_q1e+06,/Users/jackfletcher/Desktop/FYP_Data/Replay_5s_DOGE/January/2026-01-24_steps_5s.parquet,2026-01-24_steps_5s.parquet,2742,1000000.0,4320
DOGE,doge_q1e+06,/Users/jackfletcher/Desktop/FYP_Data/Replay_5s_DOGE/January/2026-01-10_steps_5s.parquet,2026-01-10_steps_5s.parquet,7687,1000000.0,4320
DOGE,doge_q1e+06,/Users/jackfletcher/Desktop/FYP_Data/Replay_5s_DOGE/January/2026-01-14_steps_5s.parquet,2026-01-14_steps_5s.parquet,3571,1000000.0,4320
DOGE,doge_q1e+06,/Users/jackfletcher/Desktop/FYP_Data/Replay_5s_DOGE/January/2026-01-23_steps_5s.parquet,2026-01-23_steps_5s.parquet,7741,1000000.0,4320
DOGE,doge_q1e+06,/Users/jackfletcher/Desktop/FYP_Data/Replay_5s_DOGE/January/2026-01-11_steps_5s.parquet,2026-01-11_steps_5s.parquet,11413,1000000.0,4320
DOGE,doge_q1e+06,/Users/jackfletcher/Desktop/FYP_Data/Replay_5s_DOGE/January/2026-01-12_steps_5s.parquet,2026-01-12_steps_5s.parquet,292,1000000.0,4320
DOGE,doge_q1e+06,/Users/jackfletcher/Desktop/FYP_Data/Replay_5s_DOGE/January/2026-01-11_steps_5s.parquet,2026-01-11_steps_5s.parquet,2194,1000000.0,4320
DOGE,doge_q1e+06,/Users/jackfletcher/Desktop/FYP_Data/Replay_5s_DOGE/January/2026-01-10_steps_5s.parquet,2026-01-10_steps_5s.parquet,3710,1000000.0,4320
DOGE,doge_q1e+06,/Users/jackfletcher/Desktop/FYP_Data/Replay_5s_DOGE/January/2026-01-08_steps_5s.parquet,2026-01-08_steps_5s.parquet,1642,1000000.0,4320
DOGE,doge_q1e+06,/Users/jackfletcher/Desktop/FYP_Data/Replay_5s_DOGE/January/2026-01-29_steps_5s.parquet,2026-01-29_steps_5s.parquet,237,1000000.0,4320
DOGE,doge_q1e+06,/Users/jackfletcher/Desktop/FYP_Data/Replay_5s_DOGE/January/2026-01-28_steps_5s.parquet,2026-01-28_steps_5s.parquet,9050,1000000.0,4320
DOGE,doge_q1e+06,/Users/jackfletcher/Desktop/FYP_Data/Replay_5s_DOGE/January/2026-01-13_steps_5s.parquet,2026-01-13_steps_5s.parquet,3904,1000000.0,4320
DOGE,doge_q1e+06,/Users/jackfletcher/Desktop/FYP_Data/Replay_5s_DOGE/January/2026-01-19_steps_5s.parquet,2026-01-19_steps_5s.parquet,8209,1000000.0,4320
DOGE,doge_q1e+06,/Users/jackfletcher/Desktop/FYP_Data/Replay_5s_DOGE/January/2026-01-14_steps_5s.parquet,2026-01-14_steps_5s.parquet,9841,1000000.0,4320
DOGE,doge_q1e+06,/Users/jackfletcher/Desktop/FYP_Data/Replay_5s_DOGE/January/2026-01-29_steps_5s.parquet,2026-01-29_steps_5s.parquet,6579,1000000.0,4320
DOGE,doge_q1e+06,/Users/jackfletcher/Desktop/FYP_Data/Replay_5s_DOGE/January/2026-01-09_steps_5s.parquet,2026-01-09_steps_5s.parquet,11428,1000000.0,4320
DOGE,doge_q1e+06,/Users/jackfletcher/Desktop/FYP_Data/Replay_5s_DOGE/January/2026-01-16_steps_5s.parquet,2026-01-16_steps_5s.parquet,7709,1000000.0,4320
DOGE,doge_q3e+06,/Users/jackfletcher/Desktop/FYP_Data/Replay_5s_DOGE/January/2026-01-08_steps_5s.parquet,2026-01-08_steps_5s.parquet,5985,3000000.0,4320
DOGE,doge_q3e+06,/Users/jackfletcher/Desktop/FYP_Data/Replay_5s_DOGE/January/2026-01-26_steps_5s.parquet,2026-01-26_steps_5s.parquet,875,3000000.0,4320
DOGE,doge_q3e+06,/Users/jackfletcher/Desktop/FYP_Data/Replay_5s_DOGE/January/2026-01-22_steps_5s.parquet,2026-01-22_steps_5s.parquet,7987,3000000.0,4320
DOGE,doge_q3e+06,/Users/jackfletcher/Desktop/FYP_Data/Replay_5s_DOGE/January/2026-01-30_steps_5s.parquet,2026-01-30_steps_5s.parquet,9226,3000000.0,4320
DOGE,doge_q3e+06,/Users/jackfletcher/Desktop/FYP_Data/Replay_5s_DOGE/January/2026-01-22_steps_5s.parquet,2026-01-22_steps_5s.parquet,3246,3000000.0,4320
DOGE,doge_q3e+06,/Users/jackfletcher/Desktop/FYP_Data/Replay_5s_DOGE/January/2026-01-10_steps_5s.parquet,2026-01-10_steps_5s.parquet,10333,3000000.0,4320
DOGE,doge_q3e+06,/Users/jackfletcher/Desktop/FYP_Data/Replay_5s_DOGE/January/2026-01-18_steps_5s.parquet,2026-01-18_steps_5s.parquet,1842,3000000.0,4320
DOGE,doge_q3e+06,/Users/jackfletcher/Desktop/FYP_Data/Replay_5s_DOGE/January/2026-01-09_steps_5s.parquet,2026-01-09_steps_5s.parquet,5162,3000000.0,4320
DOGE,doge_q3e+06,/Users/jackfletcher/Desktop/FYP_Data/Replay_5s_DOGE/January/2026-01-08_steps_5s.parquet,2026-01-08_steps_5s.parquet,5638,3000000.0,4320
DOGE,doge_q3e+06,/Users/jackfletcher/Desktop/FYP_Data/Replay_5s_DOGE/January/2026-01-29_steps_5s.parquet,2026-01-29_steps_5s.parquet,3239,3000000.0,4320
DOGE,doge_q3e+06,/Users/jackfletcher/Desktop/FYP_Data/Replay_5s_DOGE/January/2026-01-08_steps_5s.parquet,2026-01-08_steps_5s.parquet,11151,3000000.0,4320
DOGE,doge_q3e+06,/Users/jackfletcher/Desktop/FYP_Data/Replay_5s_DOGE/January/2026-01-15_steps_5s.parquet,2026-01-15_steps_5s.parquet,9298,3000000.0,4320
DOGE,doge_q3e+06,/Users/jackfletcher/Desktop/FYP_Data/Replay_5s_DOGE/January/2026-01-17_steps_5s.parquet,2026-01-17_steps_5s.parquet,11400,3000000.0,4320
DOGE,doge_q3e+06,/Users/jackfletcher/Desktop/FYP_Data/Replay_5s_DOGE/January/2026-01-11_steps_5s.parquet,2026-01-11_steps_5s.parquet,12651,3000000.0,4320
DOGE,doge_q3e+06,/Users/jackfletcher/Desktop/FYP_Data/Replay_5s_DOGE/January/2026-01-12_steps_5s.parquet,2026-01-12_steps_5s.parquet,9801,3000000.0,4320
DOGE,doge_q3e+06,/Users/jackfletcher/Desktop/FYP_Data/Replay_5s_DOGE/January/2026-01-28_steps_5s.parquet,2026-01-28_steps_5s.parquet,11460,3000000.0,4320
DOGE,doge_q3e+06,/Users/jackfletcher/Desktop/FYP_Data/Replay_5s_DOGE/January/2026-01-26_steps_5s.parquet,2026-01-26_steps_5s.parquet,9696,3000000.0,4320
DOGE,doge_q3e+06,/Users/jackfletcher/Desktop/FYP_Data/Replay_5s_DOGE/January/2026-01-22_steps_5s.parquet,2026-01-22_steps_5s.parquet,2595,3000000.0,4320
DOGE,doge_q3e+06,/Users/jackfletcher/Desktop/FYP_Data/Replay_5s_DOGE/January/2026-01-14_steps_5s.parquet,2026-01-14_steps_5s.parquet,3464,3000000.0,4320
DOGE,doge_q3e+06,/Users/jackfletcher/Desktop/FYP_Data/Replay_5s_DOGE/January/2026-01-22_steps_5s.parquet,2026-01-22_steps_5s.parquet,969,3000000.0,4320
DOGE,doge_q3e+06,/Users/jackfletcher/Desktop/FYP_Data/Replay_5s_DOGE/January/2026-01-28_steps_5s.parquet,2026-01-28_steps_5s.parquet,3599,3000000.0,4320
DOGE,doge_q3e+06,/Users/jackfletcher/Desktop/FYP_Data/Replay_5s_DOGE/January/2026-01-21_steps_5s.parquet,2026-01-21_steps_5s.parquet,108,3000000.0,4320
DOGE,doge_q3e+06,/Users/jackfletcher/Desktop/FYP_Data/Replay_5s_DOGE/January/2026-01-19_steps_5s.parquet,2026-01-19_steps_5s.parquet,2735,3000000.0,4320
DOGE,doge_q3e+06,/Users/jackfletcher/Desktop/FYP_Data/Replay_5s_DOGE/January/2026-01-15_steps_5s.parquet,2026-01-15_steps_5s.parquet,10741,3000000.0,4320
DOGE,doge_q3e+06,/Users/jackfletcher/Desktop/FYP_Data/Replay_5s_DOGE/January/2026-01-11_steps_5s.parquet,2026-01-11_steps_5s.parquet,7712,3000000.0,4320
DOGE,doge_q3e+06,/Users/jackfletcher/Desktop/FYP_Data/Replay_5s_DOGE/January/2026-01-17_steps_5s.parquet,2026-01-17_steps_5s.parquet,7512,3000000.0,4320
DOGE,doge_q3e+06,/Users/jackfletcher/Desktop/FYP_Data/Replay_5s_DOGE/January/2026-01-15_steps_5s.parquet,2026-01-15_steps_5s.parquet,6454,3000000.0,4320
DOGE,doge_q3e+06,/Users/jackfletcher/Desktop/FYP_Data/Replay_5s_DOGE/January/2026-01-23_steps_5s.parquet,2026-01-23_steps_5s.parquet,12373,3000000.0,4320
DOGE,doge_q3e+06,/Users/jackfletcher/Desktop/FYP_Data/Replay_5s_DOGE/January/2026-01-08_steps_5s.parquet,2026-01-08_steps_5s.parquet,783,3000000.0,4320
DOGE,doge_q3e+06,/Users/jackfletcher/Desktop/FYP_Data/Replay_5s_DOGE/January/2026-01-17_steps_5s.parquet,2026-01-17_steps_5s.parquet,5145,3000000.0,4320
DOGE,doge_q3e+06,/Users/jackfletcher/Desktop/FYP_Data/Replay_5s_DOGE/January/2026-01-27_steps_5s.parquet,2026-01-27_steps_5s.parquet,6460,3000000.0,4320
DOGE,doge_q3e+06,/Users/jackfletcher/Desktop/FYP_Data/Replay_5s_DOGE/January/2026-01-31_steps_5s.parquet,2026-01-31_steps_5s.parquet,11947,3000000.0,4320
DOGE,doge_q3e+06,/Users/jackfletcher/Desktop/FYP_Data/Replay_5s_DOGE/January/2026-01-31_steps_5s.parquet,2026-01-31_steps_5s.parquet,3371,3000000.0,4320
DOGE,doge_q3e+06,/Users/jackfletcher/Desktop/FYP_Data/Replay_5s_DOGE/January/2026-01-31_steps_5s.parquet,2026-01-31_steps_5s.parquet,2544,3000000.0,4320
DOGE,doge_q3e+06,/Users/jackfletcher/Desktop/FYP_Data/Replay_5s_DOGE/January/2026-01-22_steps_5s.parquet,2026-01-22_steps_5s.parquet,12769,3000000.0,4320
DOGE,doge_q3e+06,/Users/jackfletcher/Desktop/FYP_Data/Replay_5s_DOGE/January/2026-01-08_steps_5s.parquet,2026-01-08_steps_5s.parquet,9423,3000000.0,4320
DOGE,doge_q3e+06,/Users/jackfletcher/Desktop/FYP_Data/Replay_5s_DOGE/January/2026-01-30_steps_5s.parquet,2026-01-30_steps_5s.parquet,5110,3000000.0,4320
DOGE,doge_q3e+06,/Users/jackfletcher/Desktop/FYP_Data/Replay_5s_DOGE/January/2026-01-23_steps_5s.parquet,2026-01-23_steps_5s.parquet,5241,3000000.0,4320
DOGE,doge_q3e+06,/Users/jackfletcher/Desktop/FYP_Data/Replay_5s_DOGE/January/2026-01-13_steps_5s.parquet,2026-01-13_steps_5s.parquet,1146,3000000.0,4320
DOGE,doge_q3e+06,/Users/jackfletcher/Desktop/FYP_Data/Replay_5s_DOGE/January/2026-01-20_steps_5s.parquet,2026-01-20_steps_5s.parquet,9454,3000000.0,4320
DOGE,doge_q3e+06,/Users/jackfletcher/Desktop/FYP_Data/Replay_5s_DOGE/January/2026-01-08_steps_5s.parquet,2026-01-08_steps_5s.parquet,12866,3000000.0,4320
DOGE,doge_q3e+06,/Users/jackfletcher/Desktop/FYP_Data/Replay_5s_DOGE/January/2026-01-16_steps_5s.parquet,2026-01-16_steps_5s.parquet,3323,3000000.0,4320
DOGE,doge_q3e+06,/Users/jackfletcher/Desktop/FYP_Data/Replay_5s_DOGE/January/2026-01-21_steps_5s.parquet,2026-01-21_steps_5s.parquet,4345,3000000.0,4320
DOGE,doge_q3e+06,/Users/jackfletcher/Desktop/FYP_Data/Replay_5s_DOGE/January/2026-01-31_steps_5s.parquet,2026-01-31_steps_5s.parquet,7895,3000000.0,4320
DOGE,doge_q3e+06,/Users/jackfletcher/Desktop/FYP_Data/Replay_5s_DOGE/January/2026-01-12_steps_5s.parquet,2026-01-12_steps_5s.parquet,6203,3000000.0,4320
DOGE,doge_q3e+06,/Users/jackfletcher/Desktop/FYP_Data/Replay_5s_DOGE/January/2026-01-29_steps_5s.parquet,2026-01-29_steps_5s.parquet,8978,3000000.0,4320
DOGE,doge_q3e+06,/Users/jackfletcher/Desktop/FYP_Data/Replay_5s_DOGE/January/2026-01-12_steps_5s.parquet,2026-01-12_steps_5s.parquet,8657,3000000.0,4320
DOGE,doge_q3e+06,/Users/jackfletcher/Desktop/FYP_Data/Replay_5s_DOGE/January/2026-01-29_steps_5s.parquet,2026-01-29_steps_5s.parquet,11691,3000000.0,4320
DOGE,doge_q3e+06,/Users/jackfletcher/Desktop/FYP_Data/Replay_5s_DOGE/January/2026-01-27_steps_5s.parquet,2026-01-27_steps_5s.parquet,12698,3000000.0,4320
DOGE,doge_q3e+06,/Users/jackfletcher/Desktop/FYP_Data/Replay_5s_DOGE/January/2026-01-27_steps_5s.parquet,2026-01-27_steps_5s.parquet,4022,3000000.0,4320
DOGE,doge_q3e+06,/Users/jackfletcher/Desktop/FYP_Data/Replay_5s_DOGE/January/2026-01-13_steps_5s.parquet,2026-01-13_steps_5s.parquet,2703,3000000.0,4320
DOGE,doge_q3e+06,/Users/jackfletcher/Desktop/FYP_Data/Replay_5s_DOGE/January/2026-01-20_steps_5s.parquet,2026-01-20_steps_5s.parquet,1506,3000000.0,4320
DOGE,doge_q3e+06,/Users/jackfletcher/Desktop/FYP_Data/Replay_5s_DOGE/January/2026-01-12_steps_5s.parquet,2026-01-12_steps_5s.parquet,3439,3000000.0,4320
DOGE,doge_q3e+06,/Users/jackfletcher/Desktop/FYP_Data/Replay_5s_DOGE/January/2026-01-20_steps_5s.parquet,2026-01-20_steps_5s.parquet,7377,3000000.0,4320
DOGE,doge_q3e+06,/Users/jackfletcher/Desktop/FYP_Data/Replay_5s_DOGE/January/2026-01-15_steps_5s.parquet,2026-01-15_steps_5s.parquet,11818,3000000.0,4320
DOGE,doge_q3e+06,/Users/jackfletcher/Desktop/FYP_Data/Replay_5s_DOGE/January/2026-01-29_steps_5s.parquet,2026-01-29_steps_5s.parquet,681,3000000.0,4320
DOGE,doge_q3e+06,/Users/jackfletcher/Desktop/FYP_Data/Replay_5s_DOGE/January/2026-01-18_steps_5s.parquet,2026-01-18_steps_5s.parquet,5061,3000000.0,4320
DOGE,doge_q3e+06,/Users/jackfletcher/Desktop/FYP_Data/Replay_5s_DOGE/January/2026-01-27_steps_5s.parquet,2026-01-27_steps_5s.parquet,11723,3000000.0,4320
DOGE,doge_q3e+06,/Users/jackfletcher/Desktop/FYP_Data/Replay_5s_DOGE/January/2026-01-16_steps_5s.parquet,2026-01-16_steps_5s.parquet,7162,3000000.0,4320
DOGE,doge_q3e+06,/Users/jackfletcher/Desktop/FYP_Data/Replay_5s_DOGE/January/2026-01-17_steps_5s.parquet,2026-01-17_steps_5s.parquet,6375,3000000.0,4320
DOGE,doge_q3e+06,/Users/jackfletcher/Desktop/FYP_Data/Replay_5s_DOGE/January/2026-01-18_steps_5s.parquet,2026-01-18_steps_5s.parquet,8975,3000000.0,4320
DOGE,doge_q3e+06,/Users/jackfletcher/Desktop/FYP_Data/Replay_5s_DOGE/January/2026-01-13_steps_5s.parquet,2026-01-13_steps_5s.parquet,7784,3000000.0,4320
DOGE,doge_q3e+06,/Users/jackfletcher/Desktop/FYP_Data/Replay_5s_DOGE/January/2026-01-23_steps_5s.parquet,2026-01-23_steps_5s.parquet,10833,3000000.0,4320
DOGE,doge_q3e+06,/Users/jackfletcher/Desktop/FYP_Data/Replay_5s_DOGE/January/2026-01-23_steps_5s.parquet,2026-01-23_steps_5s.parquet,11452,3000000.0,4320
DOGE,doge_q3e+06,/Users/jackfletcher/Desktop/FYP_Data/Replay_5s_DOGE/January/2026-01-28_steps_5s.parquet,2026-01-28_steps_5s.parquet,3142,3000000.0,4320
DOGE,doge_q3e+06,/Users/jackfletcher/Desktop/FYP_Data/Replay_5s_DOGE/January/2026-01-30_steps_5s.parquet,2026-01-30_steps_5s.parquet,11627,3000000.0,4320
DOGE,doge_q3e+06,/Users/jackfletcher/Desktop/FYP_Data/Replay_5s_DOGE/January/2026-01-09_steps_5s.parquet,2026-01-09_steps_5s.parquet,10374,3000000.0,4320
DOGE,doge_q3e+06,/Users/jackfletcher/Desktop/FYP_Data/Replay_5s_DOGE/January/2026-01-20_steps_5s.parquet,2026-01-20_steps_5s.parquet,4393,3000000.0,4320
DOGE,doge_q3e+06,/Users/jackfletcher/Desktop/FYP_Data/Replay_5s_DOGE/January/2026-01-15_steps_5s.parquet,2026-01-15_steps_5s.parquet,6215,3000000.0,4320
DOGE,doge_q3e+06,/Users/jackfletcher/Desktop/FYP_Data/Replay_5s_DOGE/January/2026-01-14_steps_5s.parquet,2026-01-14_steps_5s.parquet,9583,3000000.0,4320
DOGE,doge_q3e+06,/Users/jackfletcher/Desktop/FYP_Data/Replay_5s_DOGE/January/2026-01-21_steps_5s.parquet,2026-01-21_steps_5s.parquet,10719,3000000.0,4320
DOGE,doge_q3e+06,/Users/jackfletcher/Desktop/FYP_Data/Replay_5s_DOGE/January/2026-01-29_steps_5s.parquet,2026-01-29_steps_5s.parquet,10639,3000000.0,4320
DOGE,doge_q3e+06,/Users/jackfletcher/Desktop/FYP_Data/Replay_5s_DOGE/January/2026-01-27_steps_5s.parquet,2026-01-27_steps_5s.parquet,11116,3000000.0,4320
DOGE,doge_q3e+06,/Users/jackfletcher/Desktop/FYP_Data/Replay_5s_DOGE/January/2026-01-19_steps_5s.parquet,2026-01-19_steps_5s.parquet,6854,3000000.0,4320
DOGE,doge_q3e+06,/Users/jackfletcher/Desktop/FYP_Data/Replay_5s_DOGE/January/2026-01-08_steps_5s.parquet,2026-01-08_steps_5s.parquet,4022,3000000.0,4320
DOGE,doge_q3e+06,/Users/jackfletcher/Desktop/FYP_Data/Replay_5s_DOGE/January/2026-01-20_steps_5s.parquet,2026-01-20_steps_5s.parquet,11669,3000000.0,4320
DOGE,doge_q3e+06,/Users/jackfletcher/Desktop/FYP_Data/Replay_5s_DOGE/January/2026-01-20_steps_5s.parquet,2026-01-20_steps_5s.parquet,1197,3000000.0,4320
DOGE,doge_q3e+06,/Users/jackfletcher/Desktop/FYP_Data/Replay_5s_DOGE/January/2026-01-31_steps_5s.parquet,2026-01-31_steps_5s.parquet,7686,3000000.0,4320
DOGE,doge_q3e+06,/Users/jackfletcher/Desktop/FYP_Data/Replay_5s_DOGE/January/2026-01-19_steps_5s.parquet,2026-01-19_steps_5s.parquet,8778,3000000.0,4320
DOGE,doge_q3e+06,/Users/jackfletcher/Desktop/FYP_Data/Replay_5s_DOGE/January/2026-01-23_steps_5s.parquet,2026-01-23_steps_5s.parquet,11365,3000000.0,4320
DOGE,doge_q3e+06,/Users/jackfletcher/Desktop/FYP_Data/Replay_5s_DOGE/January/2026-01-31_steps_5s.parquet,2026-01-31_steps_5s.parquet,7283,3000000.0,4320
DOGE,doge_q3e+06,/Users/jackfletcher/Desktop/FYP_Data/Replay_5s_DOGE/January/2026-01-28_steps_5s.parquet,2026-01-28_steps_5s.parquet,2473,3000000.0,4320
DOGE,doge_q3e+06,/Users/jackfletcher/Desktop/FYP_Data/Replay_5s_DOGE/January/2026-01-12_steps_5s.parquet,2026-01-12_steps_5s.parquet,4629,3000000.0,4320
DOGE,doge_q3e+06,/Users/jackfletcher/Desktop/FYP_Data/Replay_5s_DOGE/January/2026-01-26_steps_5s.parquet,2026-01-26_steps_5s.parquet,4120,3000000.0,4320
DOGE,doge_q3e+06,/Users/jackfletcher/Desktop/FYP_Data/Replay_5s_DOGE/January/2026-01-09_steps_5s.parquet,2026-01-09_steps_5s.parquet,2516,3000000.0,4320
DOGE,doge_q3e+06,/Users/jackfletcher/Desktop/FYP_Data/Replay_5s_DOGE/January/2026-01-28_steps_5s.parquet,2026-01-28_steps_5s.parquet,780,3000000.0,4320
DOGE,doge_q3e+06,/Users/jackfletcher/Desktop/FYP_Data/Replay_5s_DOGE/January/2026-01-29_steps_5s.parquet,2026-01-29_steps_5s.parquet,6577,3000000.0,4320
DOGE,doge_q3e+06,/Users/jackfletcher/Desktop/FYP_Data/Replay_5s_DOGE/January/2026-01-18_steps_5s.parquet,2026-01-18_steps_5s.parquet,5239,3000000.0,4320
DOGE,doge_q3e+06,/Users/jackfletcher/Desktop/FYP_Data/Replay_5s_DOGE/January/2026-01-08_steps_5s.parquet,2026-01-08_steps_5s.parquet,4682,3000000.0,4320
DOGE,doge_q3e+06,/Users/jackfletcher/Desktop/FYP_Data/Replay_5s_DOGE/January/2026-01-10_steps_5s.parquet,2026-01-10_steps_5s.parquet,3441,3000000.0,4320
DOGE,doge_q3e+06,/Users/jackfletcher/Desktop/FYP_Data/Replay_5s_DOGE/January/2026-01-08_steps_5s.parquet,2026-01-08_steps_5s.parquet,4426,3000000.0,4320
DOGE,doge_q3e+06,/Users/jackfletcher/Desktop/FYP_Data/Replay_5s_DOGE/January/2026-01-27_steps_5s.parquet,2026-01-27_steps_5s.parquet,12937,3000000.0,4320
DOGE,doge_q3e+06,/Users/jackfletcher/Desktop/FYP_Data/Replay_5s_DOGE/January/2026-01-09_steps_5s.parquet,2026-01-09_steps_5s.parquet,4684,3000000.0,4320
DOGE,doge_q3e+06,/Users/jackfletcher/Desktop/FYP_Data/Replay_5s_DOGE/January/2026-01-23_steps_5s.parquet,2026-01-23_steps_5s.parquet,5145,3000000.0,4320
DOGE,doge_q3e+06,/Users/jackfletcher/Desktop/FYP_Data/Replay_5s_DOGE/January/2026-01-31_steps_5s.parquet,2026-01-31_steps_5s.parquet,8922,3000000.0,4320
DOGE,doge_q3e+06,/Users/jackfletcher/Desktop/FYP_Data/Replay_5s_DOGE/January/2026-01-29_steps_5s.parquet,2026-01-29_steps_5s.parquet,9325,3000000.0,4320
DOGE,doge_q3e+06,/Users/jackfletcher/Desktop/FYP_Data/Replay_5s_DOGE/January/2026-01-17_steps_5s.parquet,2026-01-17_steps_5s.parquet,12109,3000000.0,4320
DOGE,doge_q3e+06,/Users/jackfletcher/Desktop/FYP_Data/Replay_5s_DOGE/January/2026-01-18_steps_5s.parquet,2026-01-18_steps_5s.parquet,3490,3000000.0,4320
DOGE,doge_q3e+06,/Users/jackfletcher/Desktop/FYP_Data/Replay_5s_DOGE/January/2026-01-13_steps_5s.parquet,2026-01-13_steps_5s.parquet,7006,3000000.0,4320
DOGE,doge_q3e+06,/Users/jackfletcher/Desktop/FYP_Data/Replay_5s_DOGE/January/2026-01-31_steps_5s.parquet,2026-01-31_steps_5s.parquet,12569,3000000.0,4320
DOGE,doge_q6e+06,/Users/jackfletcher/Desktop/FYP_Data/Replay_5s_DOGE/January/2026-01-11_steps_5s.parquet,2026-01-11_steps_5s.parquet,2088,6000000.0,4320
DOGE,doge_q6e+06,/Users/jackfletcher/Desktop/FYP_Data/Replay_5s_DOGE/January/2026-01-30_steps_5s.parquet,2026-01-30_steps_5s.parquet,5511,6000000.0,4320
DOGE,doge_q6e+06,/Users/jackfletcher/Desktop/FYP_Data/Replay_5s_DOGE/January/2026-01-31_steps_5s.parquet,2026-01-31_steps_5s.parquet,11812,6000000.0,4320
DOGE,doge_q6e+06,/Users/jackfletcher/Desktop/FYP_Data/Replay_5s_DOGE/January/2026-01-15_steps_5s.parquet,2026-01-15_steps_5s.parquet,3234,6000000.0,4320
DOGE,doge_q6e+06,/Users/jackfletcher/Desktop/FYP_Data/Replay_5s_DOGE/January/2026-01-17_steps_5s.parquet,2026-01-17_steps_5s.parquet,10735,6000000.0,4320
DOGE,doge_q6e+06,/Users/jackfletcher/Desktop/FYP_Data/Replay_5s_DOGE/January/2026-01-31_steps_5s.parquet,2026-01-31_steps_5s.parquet,11851,6000000.0,4320
DOGE,doge_q6e+06,/Users/jackfletcher/Desktop/FYP_Data/Replay_5s_DOGE/January/2026-01-31_steps_5s.parquet,2026-01-31_steps_5s.parquet,5721,6000000.0,4320
DOGE,doge_q6e+06,/Users/jackfletcher/Desktop/FYP_Data/Replay_5s_DOGE/January/2026-01-18_steps_5s.parquet,2026-01-18_steps_5s.parquet,6426,6000000.0,4320
DOGE,doge_q6e+06,/Users/jackfletcher/Desktop/FYP_Data/Replay_5s_DOGE/January/2026-01-10_steps_5s.parquet,2026-01-10_steps_5s.parquet,4690,6000000.0,4320
DOGE,doge_q6e+06,/Users/jackfletcher/Desktop/FYP_Data/Replay_5s_DOGE/January/2026-01-24_steps_5s.parquet,2026-01-24_steps_5s.parquet,3650,6000000.0,4320
DOGE,doge_q6e+06,/Users/jackfletcher/Desktop/FYP_Data/Replay_5s_DOGE/January/2026-01-12_steps_5s.parquet,2026-01-12_steps_5s.parquet,10556,6000000.0,4320
DOGE,doge_q6e+06,/Users/jackfletcher/Desktop/FYP_Data/Replay_5s_DOGE/January/2026-01-13_steps_5s.parquet,2026-01-13_steps_5s.parquet,46,6000000.0,4320
DOGE,doge_q6e+06,/Users/jackfletcher/Desktop/FYP_Data/Replay_5s_DOGE/January/2026-01-17_steps_5s.parquet,2026-01-17_steps_5s.parquet,10958,6000000.0,4320
DOGE,doge_q6e+06,/Users/jackfletcher/Desktop/FYP_Data/Replay_5s_DOGE/January/2026-01-31_steps_5s.parquet,2026-01-31_steps_5s.parquet,5687,6000000.0,4320
DOGE,doge_q6e+06,/Users/jackfletcher/Desktop/FYP_Data/Replay_5s_DOGE/January/2026-01-23_steps_5s.parquet,2026-01-23_steps_5s.parquet,8029,6000000.0,4320
DOGE,doge_q6e+06,/Users/jackfletcher/Desktop/FYP_Data/Replay_5s_DOGE/January/2026-01-19_steps_5s.parquet,2026-01-19_steps_5s.parquet,7264,6000000.0,4320
DOGE,doge_q6e+06,/Users/jackfletcher/Desktop/FYP_Data/Replay_5s_DOGE/January/2026-01-26_steps_5s.parquet,2026-01-26_steps_5s.parquet,8199,6000000.0,4320
DOGE,doge_q6e+06,/Users/jackfletcher/Desktop/FYP_Data/Replay_5s_DOGE/January/2026-01-27_steps_5s.parquet,2026-01-27_steps_5s.parquet,2567,6000000.0,4320
DOGE,doge_q6e+06,/Users/jackfletcher/Desktop/FYP_Data/Replay_5s_DOGE/January/2026-01-11_steps_5s.parquet,2026-01-11_steps_5s.parquet,2597,6000000.0,4320
DOGE,doge_q6e+06,/Users/jackfletcher/Desktop/FYP_Data/Replay_5s_DOGE/January/2026-01-18_steps_5s.parquet,2026-01-18_steps_5s.parquet,7550,6000000.0,4320
DOGE,doge_q6e+06,/Users/jackfletcher/Desktop/FYP_Data/Replay_5s_DOGE/January/2026-01-31_steps_5s.parquet,2026-01-31_steps_5s.parquet,10304,6000000.0,4320
DOGE,doge_q6e+06,/Users/jackfletcher/Desktop/FYP_Data/Replay_5s_DOGE/January/2026-01-15_steps_5s.parquet,2026-01-15_steps_5s.parquet,5997,6000000.0,4320
DOGE,doge_q6e+06,/Users/jackfletcher/Desktop/FYP_Data/Replay_5s_DOGE/January/2026-01-23_steps_5s.parquet,2026-01-23_steps_5s.parquet,12680,6000000.0,4320
DOGE,doge_q6e+06,/Users/jackfletcher/Desktop/FYP_Data/Replay_5s_DOGE/January/2026-01-17_steps_5s.parquet,2026-01-17_steps_5s.parquet,3060,6000000.0,4320
DOGE,doge_q6e+06,/Users/jackfletcher/Desktop/FYP_Data/Replay_5s_DOGE/January/2026-01-28_steps_5s.parquet,2026-01-28_steps_5s.parquet,1933,6000000.0,4320
DOGE,doge_q6e+06,/Users/jackfletcher/Desktop/FYP_Data/Replay_5s_DOGE/January/2026-01-26_steps_5s.parquet,2026-01-26_steps_5s.parquet,7185,6000000.0,4320
DOGE,doge_q6e+06,/Users/jackfletcher/Desktop/FYP_Data/Replay_5s_DOGE/January/2026-01-17_steps_5s.parquet,2026-01-17_steps_5s.parquet,9021,6000000.0,4320
DOGE,doge_q6e+06,/Users/jackfletcher/Desktop/FYP_Data/Replay_5s_DOGE/January/2026-01-21_steps_5s.parquet,2026-01-21_steps_5s.parquet,3651,6000000.0,4320
DOGE,doge_q6e+06,/Users/jackfletcher/Desktop/FYP_Data/Replay_5s_DOGE/January/2026-01-14_steps_5s.parquet,2026-01-14_steps_5s.parquet,3331,6000000.0,4320
DOGE,doge_q6e+06,/Users/jackfletcher/Desktop/FYP_Data/Replay_5s_DOGE/January/2026-01-30_steps_5s.parquet,2026-01-30_steps_5s.parquet,9235,6000000.0,4320
DOGE,doge_q6e+06,/Users/jackfletcher/Desktop/FYP_Data/Replay_5s_DOGE/January/2026-01-08_steps_5s.parquet,2026-01-08_steps_5s.parquet,6519,6000000.0,4320
DOGE,doge_q6e+06,/Users/jackfletcher/Desktop/FYP_Data/Replay_5s_DOGE/January/2026-01-21_steps_5s.parquet,2026-01-21_steps_5s.parquet,7846,6000000.0,4320
DOGE,doge_q6e+06,/Users/jackfletcher/Desktop/FYP_Data/Replay_5s_DOGE/January/2026-01-23_steps_5s.parquet,2026-01-23_steps_5s.parquet,11293,6000000.0,4320
DOGE,doge_q6e+06,/Users/jackfletcher/Desktop/FYP_Data/Replay_5s_DOGE/January/2026-01-25_steps_5s.parquet,2026-01-25_steps_5s.parquet,544,6000000.0,4320
DOGE,doge_q6e+06,/Users/jackfletcher/Desktop/FYP_Data/Replay_5s_DOGE/January/2026-01-09_steps_5s.parquet,2026-01-09_steps_5s.parquet,4606,6000000.0,4320
DOGE,doge_q6e+06,/Users/jackfletcher/Desktop/FYP_Data/Replay_5s_DOGE/January/2026-01-22_steps_5s.parquet,2026-01-22_steps_5s.parquet,8537,6000000.0,4320
DOGE,doge_q6e+06,/Users/jackfletcher/Desktop/FYP_Data/Replay_5s_DOGE/January/2026-01-28_steps_5s.parquet,2026-01-28_steps_5s.parquet,9967,6000000.0,4320
DOGE,doge_q6e+06,/Users/jackfletcher/Desktop/FYP_Data/Replay_5s_DOGE/January/2026-01-11_steps_5s.parquet,2026-01-11_steps_5s.parquet,611,6000000.0,4320
DOGE,doge_q6e+06,/Users/jackfletcher/Desktop/FYP_Data/Replay_5s_DOGE/January/2026-01-18_steps_5s.parquet,2026-01-18_steps_5s.parquet,6582,6000000.0,4320
DOGE,doge_q6e+06,/Users/jackfletcher/Desktop/FYP_Data/Replay_5s_DOGE/January/2026-01-18_steps_5s.parquet,2026-01-18_steps_5s.parquet,6715,6000000.0,4320
DOGE,doge_q6e+06,/Users/jackfletcher/Desktop/FYP_Data/Replay_5s_DOGE/January/2026-01-21_steps_5s.parquet,2026-01-21_steps_5s.parquet,6646,6000000.0,4320
DOGE,doge_q6e+06,/Users/jackfletcher/Desktop/FYP_Data/Replay_5s_DOGE/January/2026-01-16_steps_5s.parquet,2026-01-16_steps_5s.parquet,734,6000000.0,4320
DOGE,doge_q6e+06,/Users/jackfletcher/Desktop/FYP_Data/Replay_5s_DOGE/January/2026-01-22_steps_5s.parquet,2026-01-22_steps_5s.parquet,79,6000000.0,4320
DOGE,doge_q6e+06,/Users/jackfletcher/Desktop/FYP_Data/Replay_5s_DOGE/January/2026-01-15_steps_5s.parquet,2026-01-15_steps_5s.parquet,6780,6000000.0,4320
DOGE,doge_q6e+06,/Users/jackfletcher/Desktop/FYP_Data/Replay_5s_DOGE/January/2026-01-09_steps_5s.parquet,2026-01-09_steps_5s.parquet,7203,6000000.0,4320
DOGE,doge_q6e+06,/Users/jackfletcher/Desktop/FYP_Data/Replay_5s_DOGE/January/2026-01-28_steps_5s.parquet,2026-01-28_steps_5s.parquet,10754,6000000.0,4320
DOGE,doge_q6e+06,/Users/jackfletcher/Desktop/FYP_Data/Replay_5s_DOGE/January/2026-01-20_steps_5s.parquet,2026-01-20_steps_5s.parquet,2829,6000000.0,4320
DOGE,doge_q6e+06,/Users/jackfletcher/Desktop/FYP_Data/Replay_5s_DOGE/January/2026-01-13_steps_5s.parquet,2026-01-13_steps_5s.parquet,3192,6000000.0,4320
DOGE,doge_q6e+06,/Users/jackfletcher/Desktop/FYP_Data/Replay_5s_DOGE/January/2026-01-20_steps_5s.parquet,2026-01-20_steps_5s.parquet,3172,6000000.0,4320
DOGE,doge_q6e+06,/Users/jackfletcher/Desktop/FYP_Data/Replay_5s_DOGE/January/2026-01-25_steps_5s.parquet,2026-01-25_steps_5s.parquet,11522,6000000.0,4320
DOGE,doge_q6e+06,/Users/jackfletcher/Desktop/FYP_Data/Replay_5s_DOGE/January/2026-01-17_steps_5s.parquet,2026-01-17_steps_5s.parquet,1894,6000000.0,4320
DOGE,doge_q6e+06,/Users/jackfletcher/Desktop/FYP_Data/Replay_5s_DOGE/January/2026-01-09_steps_5s.parquet,2026-01-09_steps_5s.parquet,5696,6000000.0,4320
DOGE,doge_q6e+06,/Users/jackfletcher/Desktop/FYP_Data/Replay_5s_DOGE/January/2026-01-13_steps_5s.parquet,2026-01-13_steps_5s.parquet,391,6000000.0,4320
DOGE,doge_q6e+06,/Users/jackfletcher/Desktop/FYP_Data/Replay_5s_DOGE/January/2026-01-28_steps_5s.parquet,2026-01-28_steps_5s.parquet,4778,6000000.0,4320
DOGE,doge_q6e+06,/Users/jackfletcher/Desktop/FYP_Data/Replay_5s_DOGE/January/2026-01-13_steps_5s.parquet,2026-01-13_steps_5s.parquet,6368,6000000.0,4320
DOGE,doge_q6e+06,/Users/jackfletcher/Desktop/FYP_Data/Replay_5s_DOGE/January/2026-01-12_steps_5s.parquet,2026-01-12_steps_5s.parquet,10389,6000000.0,4320
DOGE,doge_q6e+06,/Users/jackfletcher/Desktop/FYP_Data/Replay_5s_DOGE/January/2026-01-15_steps_5s.parquet,2026-01-15_steps_5s.parquet,11996,6000000.0,4320
DOGE,doge_q6e+06,/Users/jackfletcher/Desktop/FYP_Data/Replay_5s_DOGE/January/2026-01-11_steps_5s.parquet,2026-01-11_steps_5s.parquet,48,6000000.0,4320
DOGE,doge_q6e+06,/Users/jackfletcher/Desktop/FYP_Data/Replay_5s_DOGE/January/2026-01-11_steps_5s.parquet,2026-01-11_steps_5s.parquet,10158,6000000.0,4320
DOGE,doge_q6e+06,/Users/jackfletcher/Desktop/FYP_Data/Replay_5s_DOGE/January/2026-01-13_steps_5s.parquet,2026-01-13_steps_5s.parquet,11186,6000000.0,4320
DOGE,doge_q6e+06,/Users/jackfletcher/Desktop/FYP_Data/Replay_5s_DOGE/January/2026-01-19_steps_5s.parquet,2026-01-19_steps_5s.parquet,833,6000000.0,4320
DOGE,doge_q6e+06,/Users/jackfletcher/Desktop/FYP_Data/Replay_5s_DOGE/January/2026-01-21_steps_5s.parquet,2026-01-21_steps_5s.parquet,7797,6000000.0,4320
DOGE,doge_q6e+06,/Users/jackfletcher/Desktop/FYP_Data/Replay_5s_DOGE/January/2026-01-29_steps_5s.parquet,2026-01-29_steps_5s.parquet,10814,6000000.0,4320
DOGE,doge_q6e+06,/Users/jackfletcher/Desktop/FYP_Data/Replay_5s_DOGE/January/2026-01-26_steps_5s.parquet,2026-01-26_steps_5s.parquet,7231,6000000.0,4320
DOGE,doge_q6e+06,/Users/jackfletcher/Desktop/FYP_Data/Replay_5s_DOGE/January/2026-01-22_steps_5s.parquet,2026-01-22_steps_5s.parquet,4293,6000000.0,4320
DOGE,doge_q6e+06,/Users/jackfletcher/Desktop/FYP_Data/Replay_5s_DOGE/January/2026-01-24_steps_5s.parquet,2026-01-24_steps_5s.parquet,942,6000000.0,4320
DOGE,doge_q6e+06,/Users/jackfletcher/Desktop/FYP_Data/Replay_5s_DOGE/January/2026-01-22_steps_5s.parquet,2026-01-22_steps_5s.parquet,7671,6000000.0,4320
DOGE,doge_q6e+06,/Users/jackfletcher/Desktop/FYP_Data/Replay_5s_DOGE/January/2026-01-30_steps_5s.parquet,2026-01-30_steps_5s.parquet,5565,6000000.0,4320
DOGE,doge_q6e+06,/Users/jackfletcher/Desktop/FYP_Data/Replay_5s_DOGE/January/2026-01-22_steps_5s.parquet,2026-01-22_steps_5s.parquet,9414,6000000.0,4320
DOGE,doge_q6e+06,/Users/jackfletcher/Desktop/FYP_Data/Replay_5s_DOGE/January/2026-01-31_steps_5s.parquet,2026-01-31_steps_5s.parquet,7077,6000000.0,4320
DOGE,doge_q6e+06,/Users/jackfletcher/Desktop/FYP_Data/Replay_5s_DOGE/January/2026-01-17_steps_5s.parquet,2026-01-17_steps_5s.parquet,12396,6000000.0,4320
DOGE,doge_q6e+06,/Users/jackfletcher/Desktop/FYP_Data/Replay_5s_DOGE/January/2026-01-27_steps_5s.parquet,2026-01-27_steps_5s.parquet,237,6000000.0,4320
DOGE,doge_q6e+06,/Users/jackfletcher/Desktop/FYP_Data/Replay_5s_DOGE/January/2026-01-10_steps_5s.parquet,2026-01-10_steps_5s.parquet,1631,6000000.0,4320
DOGE,doge_q6e+06,/Users/jackfletcher/Desktop/FYP_Data/Replay_5s_DOGE/January/2026-01-31_steps_5s.parquet,2026-01-31_steps_5s.parquet,7065,6000000.0,4320
DOGE,doge_q6e+06,/Users/jackfletcher/Desktop/FYP_Data/Replay_5s_DOGE/January/2026-01-12_steps_5s.parquet,2026-01-12_steps_5s.parquet,8529,6000000.0,4320
DOGE,doge_q6e+06,/Users/jackfletcher/Desktop/FYP_Data/Replay_5s_DOGE/January/2026-01-12_steps_5s.parquet,2026-01-12_steps_5s.parquet,2472,6000000.0,4320
DOGE,doge_q6e+06,/Users/jackfletcher/Desktop/FYP_Data/Replay_5s_DOGE/January/2026-01-09_steps_5s.parquet,2026-01-09_steps_5s.parquet,11361,6000000.0,4320
DOGE,doge_q6e+06,/Users/jackfletcher/Desktop/FYP_Data/Replay_5s_DOGE/January/2026-01-20_steps_5s.parquet,2026-01-20_steps_5s.parquet,12550,6000000.0,4320
DOGE,doge_q6e+06,/Users/jackfletcher/Desktop/FYP_Data/Replay_5s_DOGE/January/2026-01-24_steps_5s.parquet,2026-01-24_steps_5s.parquet,4012,6000000.0,4320
DOGE,doge_q6e+06,/Users/jackfletcher/Desktop/FYP_Data/Replay_5s_DOGE/January/2026-01-17_steps_5s.parquet,2026-01-17_steps_5s.parquet,10802,6000000.0,4320
DOGE,doge_q6e+06,/Users/jackfletcher/Desktop/FYP_Data/Replay_5s_DOGE/January/2026-01-28_steps_5s.parquet,2026-01-28_steps_5s.parquet,1203,6000000.0,4320
DOGE,doge_q6e+06,/Users/jackfletcher/Desktop/FYP_Data/Replay_5s_DOGE/January/2026-01-26_steps_5s.parquet,2026-01-26_steps_5s.parquet,450,6000000.0,4320
DOGE,doge_q6e+06,/Users/jackfletcher/Desktop/FYP_Data/Replay_5s_DOGE/January/2026-01-24_steps_5s.parquet,2026-01-24_steps_5s.parquet,5934,6000000.0,4320
DOGE,doge_q6e+06,/Users/jackfletcher/Desktop/FYP_Data/Replay_5s_DOGE/January/2026-01-21_steps_5s.parquet,2026-01-21_steps_5s.parquet,287,6000000.0,4320
DOGE,doge_q6e+06,/Users/jackfletcher/Desktop/FYP_Data/Replay_5s_DOGE/January/2026-01-31_steps_5s.parquet,2026-01-31_steps_5s.parquet,5512,6000000.0,4320
DOGE,doge_q6e+06,/Users/jackfletcher/Desktop/FYP_Data/Replay_5s_DOGE/January/2026-01-21_steps_5s.parquet,2026-01-21_steps_5s.parquet,5889,6000000.0,4320
DOGE,doge_q6e+06,/Users/jackfletcher/Desktop/FYP_Data/Replay_5s_DOGE/January/2026-01-30_steps_5s.parquet,2026-01-30_steps_5s.parquet,429,6000000.0,4320
DOGE,doge_q6e+06,/Users/jackfletcher/Desktop/FYP_Data/Replay_5s_DOGE/January/2026-01-15_steps_5s.parquet,2026-01-15_steps_5s.parquet,5847,6000000.0,4320
DOGE,doge_q6e+06,/Users/jackfletcher/Desktop/FYP_Data/Replay_5s_DOGE/January/2026-01-22_steps_5s.parquet,2026-01-22_steps_5s.parquet,10862,6000000.0,4320
DOGE,doge_q6e+06,/Users/jackfletcher/Desktop/FYP_Data/Replay_5s_DOGE/January/2026-01-13_steps_5s.parquet,2026-01-13_steps_5s.parquet,1915,6000000.0,4320
DOGE,doge_q6e+06,/Users/jackfletcher/Desktop/FYP_Data/Replay_5s_DOGE/January/2026-01-28_steps_5s.parquet,2026-01-28_steps_5s.parquet,7121,6000000.0,4320
DOGE,doge_q6e+06,/Users/jackfletcher/Desktop/FYP_Data/Replay_5s_DOGE/January/2026-01-10_steps_5s.parquet,2026-01-10_steps_5s.parquet,5505,6000000.0,4320
DOGE,doge_q6e+06,/Users/jackfletcher/Desktop/FYP_Data/Replay_5s_DOGE/January/2026-01-25_steps_5s.parquet,2026-01-25_steps_5s.parquet,11616,6000000.0,4320
DOGE,doge_q6e+06,/Users/jackfletcher/Desktop/FYP_Data/Replay_5s_DOGE/January/2026-01-10_steps_5s.parquet,2026-01-10_steps_5s.parquet,2493,6000000.0,4320
DOGE,doge_q6e+06,/Users/jackfletcher/Desktop/FYP_Data/Replay_5s_DOGE/January/2026-01-28_steps_5s.parquet,2026-01-28_steps_5s.parquet,11648,6000000.0,4320
DOGE,doge_q6e+06,/Users/jackfletcher/Desktop/FYP_Data/Replay_5s_DOGE/January/2026-01-15_steps_5s.parquet,2026-01-15_steps_5s.parquet,11127,6000000.0,4320
DOGE,doge_q6e+06,/Users/jackfletcher/Desktop/FYP_Data/Replay_5s_DOGE/January/2026-01-16_steps_5s.parquet,2026-01-16_steps_5s.parquet,8495,6000000.0,4320
DOGE,doge_q6e+06,/Users/jackfletcher/Desktop/FYP_Data/Replay_5s_DOGE/January/2026-01-30_steps_5s.parquet,2026-01-30_steps_5s.parquet,1329,6000000.0,4320
DOGE,doge_q6e+06,/Users/jackfletcher/Desktop/FYP_Data/Replay_5s_DOGE/January/2026-01-28_steps_5s.parquet,2026-01-28_steps_5s.parquet,1753,6000000.0,4320
DOGE,doge_q6e+06,/Users/jackfletcher/Desktop/FYP_Data/Replay_5s_DOGE/January/2026-01-23_steps_5s.parquet,2026-01-23_steps_5s.parquet,8152,6000000.0,4320
DOGE,doge_q1p2e+07,/Users/jackfletcher/Desktop/FYP_Data/Replay_5s_DOGE/January/2026-01-29_steps_5s.parquet,2026-01-29_steps_5s.parquet,5081,12000000.0,4320
DOGE,doge_q1p2e+07,/Users/jackfletcher/Desktop/FYP_Data/Replay_5s_DOGE/January/2026-01-25_steps_5s.parquet,2026-01-25_steps_5s.parquet,6643,12000000.0,4320
DOGE,doge_q1p2e+07,/Users/jackfletcher/Desktop/FYP_Data/Replay_5s_DOGE/January/2026-01-28_steps_5s.parquet,2026-01-28_steps_5s.parquet,11486,12000000.0,4320
DOGE,doge_q1p2e+07,/Users/jackfletcher/Desktop/FYP_Data/Replay_5s_DOGE/January/2026-01-31_steps_5s.parquet,2026-01-31_steps_5s.parquet,1579,12000000.0,4320
DOGE,doge_q1p2e+07,/Users/jackfletcher/Desktop/FYP_Data/Replay_5s_DOGE/January/2026-01-23_steps_5s.parquet,2026-01-23_steps_5s.parquet,3876,12000000.0,4320
DOGE,doge_q1p2e+07,/Users/jackfletcher/Desktop/FYP_Data/Replay_5s_DOGE/January/2026-01-26_steps_5s.parquet,2026-01-26_steps_5s.parquet,6599,12000000.0,4320
DOGE,doge_q1p2e+07,/Users/jackfletcher/Desktop/FYP_Data/Replay_5s_DOGE/January/2026-01-09_steps_5s.parquet,2026-01-09_steps_5s.parquet,2723,12000000.0,4320
DOGE,doge_q1p2e+07,/Users/jackfletcher/Desktop/FYP_Data/Replay_5s_DOGE/January/2026-01-29_steps_5s.parquet,2026-01-29_steps_5s.parquet,4263,12000000.0,4320
DOGE,doge_q1p2e+07,/Users/jackfletcher/Desktop/FYP_Data/Replay_5s_DOGE/January/2026-01-19_steps_5s.parquet,2026-01-19_steps_5s.parquet,1176,12000000.0,4320
DOGE,doge_q1p2e+07,/Users/jackfletcher/Desktop/FYP_Data/Replay_5s_DOGE/January/2026-01-21_steps_5s.parquet,2026-01-21_steps_5s.parquet,8839,12000000.0,4320
DOGE,doge_q1p2e+07,/Users/jackfletcher/Desktop/FYP_Data/Replay_5s_DOGE/January/2026-01-26_steps_5s.parquet,2026-01-26_steps_5s.parquet,12098,12000000.0,4320
DOGE,doge_q1p2e+07,/Users/jackfletcher/Desktop/FYP_Data/Replay_5s_DOGE/January/2026-01-27_steps_5s.parquet,2026-01-27_steps_5s.parquet,868,12000000.0,4320
DOGE,doge_q1p2e+07,/Users/jackfletcher/Desktop/FYP_Data/Replay_5s_DOGE/January/2026-01-28_steps_5s.parquet,2026-01-28_steps_5s.parquet,5122,12000000.0,4320
DOGE,doge_q1p2e+07,/Users/jackfletcher/Desktop/FYP_Data/Replay_5s_DOGE/January/2026-01-20_steps_5s.parquet,2026-01-20_steps_5s.parquet,2352,12000000.0,4320
DOGE,doge_q1p2e+07,/Users/jackfletcher/Desktop/FYP_Data/Replay_5s_DOGE/January/2026-01-20_steps_5s.parquet,2026-01-20_steps_5s.parquet,1029,12000000.0,4320
DOGE,doge_q1p2e+07,/Users/jackfletcher/Desktop/FYP_Data/Replay_5s_DOGE/January/2026-01-15_steps_5s.parquet,2026-01-15_steps_5s.parquet,6645,12000000.0,4320
DOGE,doge_q1p2e+07,/Users/jackfletcher/Desktop/FYP_Data/Replay_5s_DOGE/January/2026-01-12_steps_5s.parquet,2026-01-12_steps_5s.parquet,6855,12000000.0,4320
DOGE,doge_q1p2e+07,/Users/jackfletcher/Desktop/FYP_Data/Replay_5s_DOGE/January/2026-01-12_steps_5s.parquet,2026-01-12_steps_5s.parquet,12043,12000000.0,4320
DOGE,doge_q1p2e+07,/Users/jackfletcher/Desktop/FYP_Data/Replay_5s_DOGE/January/2026-01-30_steps_5s.parquet,2026-01-30_steps_5s.parquet,6817,12000000.0,4320
DOGE,doge_q1p2e+07,/Users/jackfletcher/Desktop/FYP_Data/Replay_5s_DOGE/January/2026-01-16_steps_5s.parquet,2026-01-16_steps_5s.parquet,6796,12000000.0,4320
DOGE,doge_q1p2e+07,/Users/jackfletcher/Desktop/FYP_Data/Replay_5s_DOGE/January/2026-01-23_steps_5s.parquet,2026-01-23_steps_5s.parquet,4529,12000000.0,4320
DOGE,doge_q1p2e+07,/Users/jackfletcher/Desktop/FYP_Data/Replay_5s_DOGE/January/2026-01-19_steps_5s.parquet,2026-01-19_steps_5s.parquet,7727,12000000.0,4320
DOGE,doge_q1p2e+07,/Users/jackfletcher/Desktop/FYP_Data/Replay_5s_DOGE/January/2026-01-08_steps_5s.parquet,2026-01-08_steps_5s.parquet,4699,12000000.0,4320
DOGE,doge_q1p2e+07,/Users/jackfletcher/Desktop/FYP_Data/Replay_5s_DOGE/January/2026-01-22_steps_5s.parquet,2026-01-22_steps_5s.parquet,2162,12000000.0,4320
DOGE,doge_q1p2e+07,/Users/jackfletcher/Desktop/FYP_Data/Replay_5s_DOGE/January/2026-01-24_steps_5s.parquet,2026-01-24_steps_5s.parquet,7883,12000000.0,4320
DOGE,doge_q1p2e+07,/Users/jackfletcher/Desktop/FYP_Data/Replay_5s_DOGE/January/2026-01-09_steps_5s.parquet,2026-01-09_steps_5s.parquet,8497,12000000.0,4320
DOGE,doge_q1p2e+07,/Users/jackfletcher/Desktop/FYP_Data/Replay_5s_DOGE/January/2026-01-19_steps_5s.parquet,2026-01-19_steps_5s.parquet,7418,12000000.0,4320
DOGE,doge_q1p2e+07,/Users/jackfletcher/Desktop/FYP_Data/Replay_5s_DOGE/January/2026-01-10_steps_5s.parquet,2026-01-10_steps_5s.parquet,6750,12000000.0,4320
DOGE,doge_q1p2e+07,/Users/jackfletcher/Desktop/FYP_Data/Replay_5s_DOGE/January/2026-01-25_steps_5s.parquet,2026-01-25_steps_5s.parquet,10256,12000000.0,4320
DOGE,doge_q1p2e+07,/Users/jackfletcher/Desktop/FYP_Data/Replay_5s_DOGE/January/2026-01-10_steps_5s.parquet,2026-01-10_steps_5s.parquet,11247,12000000.0,4320
DOGE,doge_q1p2e+07,/Users/jackfletcher/Desktop/FYP_Data/Replay_5s_DOGE/January/2026-01-10_steps_5s.parquet,2026-01-10_steps_5s.parquet,3162,12000000.0,4320
DOGE,doge_q1p2e+07,/Users/jackfletcher/Desktop/FYP_Data/Replay_5s_DOGE/January/2026-01-20_steps_5s.parquet,2026-01-20_steps_5s.parquet,570,12000000.0,4320
DOGE,doge_q1p2e+07,/Users/jackfletcher/Desktop/FYP_Data/Replay_5s_DOGE/January/2026-01-08_steps_5s.parquet,2026-01-08_steps_5s.parquet,10832,12000000.0,4320
DOGE,doge_q1p2e+07,/Users/jackfletcher/Desktop/FYP_Data/Replay_5s_DOGE/January/2026-01-11_steps_5s.parquet,2026-01-11_steps_5s.parquet,2359,12000000.0,4320
DOGE,doge_q1p2e+07,/Users/jackfletcher/Desktop/FYP_Data/Replay_5s_DOGE/January/2026-01-28_steps_5s.parquet,2026-01-28_steps_5s.parquet,9171,12000000.0,4320
DOGE,doge_q1p2e+07,/Users/jackfletcher/Desktop/FYP_Data/Replay_5s_DOGE/January/2026-01-30_steps_5s.parquet,2026-01-30_steps_5s.parquet,10067,12000000.0,4320
DOGE,doge_q1p2e+07,/Users/jackfletcher/Desktop/FYP_Data/Replay_5s_DOGE/January/2026-01-29_steps_5s.parquet,2026-01-29_steps_5s.parquet,5113,12000000.0,4320
DOGE,doge_q1p2e+07,/Users/jackfletcher/Desktop/FYP_Data/Replay_5s_DOGE/January/2026-01-18_steps_5s.parquet,2026-01-18_steps_5s.parquet,9752,12000000.0,4320
DOGE,doge_q1p2e+07,/Users/jackfletcher/Desktop/FYP_Data/Replay_5s_DOGE/January/2026-01-17_steps_5s.parquet,2026-01-17_steps_5s.parquet,6273,12000000.0,4320
DOGE,doge_q1p2e+07,/Users/jackfletcher/Desktop/FYP_Data/Replay_5s_DOGE/January/2026-01-11_steps_5s.parquet,2026-01-11_steps_5s.parquet,10131,12000000.0,4320
DOGE,doge_q1p2e+07,/Users/jackfletcher/Desktop/FYP_Data/Replay_5s_DOGE/January/2026-01-25_steps_5s.parquet,2026-01-25_steps_5s.parquet,5408,12000000.0,4320
DOGE,doge_q1p2e+07,/Users/jackfletcher/Desktop/FYP_Data/Replay_5s_DOGE/January/2026-01-28_steps_5s.parquet,2026-01-28_steps_5s.parquet,12380,12000000.0,4320
DOGE,doge_q1p2e+07,/Users/jackfletcher/Desktop/FYP_Data/Replay_5s_DOGE/January/2026-01-30_steps_5s.parquet,2026-01-30_steps_5s.parquet,9517,12000000.0,4320
DOGE,doge_q1p2e+07,/Users/jackfletcher/Desktop/FYP_Data/Replay_5s_DOGE/January/2026-01-19_steps_5s.parquet,2026-01-19_steps_5s.parquet,8156,12000000.0,4320
DOGE,doge_q1p2e+07,/Users/jackfletcher/Desktop/FYP_Data/Replay_5s_DOGE/January/2026-01-22_steps_5s.parquet,2026-01-22_steps_5s.parquet,3356,12000000.0,4320
DOGE,doge_q1p2e+07,/Users/jackfletcher/Desktop/FYP_Data/Replay_5s_DOGE/January/2026-01-21_steps_5s.parquet,2026-01-21_steps_5s.parquet,4881,12000000.0,4320
DOGE,doge_q1p2e+07,/Users/jackfletcher/Desktop/FYP_Data/Replay_5s_DOGE/January/2026-01-30_steps_5s.parquet,2026-01-30_steps_5s.parquet,2452,12000000.0,4320
DOGE,doge_q1p2e+07,/Users/jackfletcher/Desktop/FYP_Data/Replay_5s_DOGE/January/2026-01-18_steps_5s.parquet,2026-01-18_steps_5s.parquet,8667,12000000.0,4320
DOGE,doge_q1p2e+07,/Users/jackfletcher/Desktop/FYP_Data/Replay_5s_DOGE/January/2026-01-28_steps_5s.parquet,2026-01-28_steps_5s.parquet,12724,12000000.0,4320
DOGE,doge_q1p2e+07,/Users/jackfletcher/Desktop/FYP_Data/Replay_5s_DOGE/January/2026-01-29_steps_5s.parquet,2026-01-29_steps_5s.parquet,11925,12000000.0,4320
DOGE,doge_q1p2e+07,/Users/jackfletcher/Desktop/FYP_Data/Replay_5s_DOGE/January/2026-01-12_steps_5s.parquet,2026-01-12_steps_5s.parquet,3419,12000000.0,4320
DOGE,doge_q1p2e+07,/Users/jackfletcher/Desktop/FYP_Data/Replay_5s_DOGE/January/2026-01-30_steps_5s.parquet,2026-01-30_steps_5s.parquet,6149,12000000.0,4320
DOGE,doge_q1p2e+07,/Users/jackfletcher/Desktop/FYP_Data/Replay_5s_DOGE/January/2026-01-09_steps_5s.parquet,2026-01-09_steps_5s.parquet,3935,12000000.0,4320
DOGE,doge_q1p2e+07,/Users/jackfletcher/Desktop/FYP_Data/Replay_5s_DOGE/January/2026-01-22_steps_5s.parquet,2026-01-22_steps_5s.parquet,12702,12000000.0,4320
DOGE,doge_q1p2e+07,/Users/jackfletcher/Desktop/FYP_Data/Replay_5s_DOGE/January/2026-01-10_steps_5s.parquet,2026-01-10_steps_5s.parquet,2486,12000000.0,4320
DOGE,doge_q1p2e+07,/Users/jackfletcher/Desktop/FYP_Data/Replay_5s_DOGE/January/2026-01-24_steps_5s.parquet,2026-01-24_steps_5s.parquet,368,12000000.0,4320
DOGE,doge_q1p2e+07,/Users/jackfletcher/Desktop/FYP_Data/Replay_5s_DOGE/January/2026-01-18_steps_5s.parquet,2026-01-18_steps_5s.parquet,10156,12000000.0,4320
DOGE,doge_q1p2e+07,/Users/jackfletcher/Desktop/FYP_Data/Replay_5s_DOGE/January/2026-01-21_steps_5s.parquet,2026-01-21_steps_5s.parquet,5464,12000000.0,4320
DOGE,doge_q1p2e+07,/Users/jackfletcher/Desktop/FYP_Data/Replay_5s_DOGE/January/2026-01-26_steps_5s.parquet,2026-01-26_steps_5s.parquet,12127,12000000.0,4320
DOGE,doge_q1p2e+07,/Users/jackfletcher/Desktop/FYP_Data/Replay_5s_DOGE/January/2026-01-25_steps_5s.parquet,2026-01-25_steps_5s.parquet,6235,12000000.0,4320
DOGE,doge_q1p2e+07,/Users/jackfletcher/Desktop/FYP_Data/Replay_5s_DOGE/January/2026-01-26_steps_5s.parquet,2026-01-26_steps_5s.parquet,11337,12000000.0,4320
DOGE,doge_q1p2e+07,/Users/jackfletcher/Desktop/FYP_Data/Replay_5s_DOGE/January/2026-01-18_steps_5s.parquet,2026-01-18_steps_5s.parquet,81,12000000.0,4320
DOGE,doge_q1p2e+07,/Users/jackfletcher/Desktop/FYP_Data/Replay_5s_DOGE/January/2026-01-20_steps_5s.parquet,2026-01-20_steps_5s.parquet,2539,12000000.0,4320
DOGE,doge_q1p2e+07,/Users/jackfletcher/Desktop/FYP_Data/Replay_5s_DOGE/January/2026-01-23_steps_5s.parquet,2026-01-23_steps_5s.parquet,7148,12000000.0,4320
DOGE,doge_q1p2e+07,/Users/jackfletcher/Desktop/FYP_Data/Replay_5s_DOGE/January/2026-01-26_steps_5s.parquet,2026-01-26_steps_5s.parquet,4398,12000000.0,4320
DOGE,doge_q1p2e+07,/Users/jackfletcher/Desktop/FYP_Data/Replay_5s_DOGE/January/2026-01-10_steps_5s.parquet,2026-01-10_steps_5s.parquet,4191,12000000.0,4320
DOGE,doge_q1p2e+07,/Users/jackfletcher/Desktop/FYP_Data/Replay_5s_DOGE/January/2026-01-22_steps_5s.parquet,2026-01-22_steps_5s.parquet,11691,12000000.0,4320
DOGE,doge_q1p2e+07,/Users/jackfletcher/Desktop/FYP_Data/Replay_5s_DOGE/January/2026-01-10_steps_5s.parquet,2026-01-10_steps_5s.parquet,3458,12000000.0,4320
DOGE,doge_q1p2e+07,/Users/jackfletcher/Desktop/FYP_Data/Replay_5s_DOGE/January/2026-01-10_steps_5s.parquet,2026-01-10_steps_5s.parquet,2954,12000000.0,4320
DOGE,doge_q1p2e+07,/Users/jackfletcher/Desktop/FYP_Data/Replay_5s_DOGE/January/2026-01-16_steps_5s.parquet,2026-01-16_steps_5s.parquet,9149,12000000.0,4320
DOGE,doge_q1p2e+07,/Users/jackfletcher/Desktop/FYP_Data/Replay_5s_DOGE/January/2026-01-14_steps_5s.parquet,2026-01-14_steps_5s.parquet,3427,12000000.0,4320
DOGE,doge_q1p2e+07,/Users/jackfletcher/Desktop/FYP_Data/Replay_5s_DOGE/January/2026-01-28_steps_5s.parquet,2026-01-28_steps_5s.parquet,9645,12000000.0,4320
DOGE,doge_q1p2e+07,/Users/jackfletcher/Desktop/FYP_Data/Replay_5s_DOGE/January/2026-01-21_steps_5s.parquet,2026-01-21_steps_5s.parquet,4037,12000000.0,4320
DOGE,doge_q1p2e+07,/Users/jackfletcher/Desktop/FYP_Data/Replay_5s_DOGE/January/2026-01-23_steps_5s.parquet,2026-01-23_steps_5s.parquet,6555,12000000.0,4320
DOGE,doge_q1p2e+07,/Users/jackfletcher/Desktop/FYP_Data/Replay_5s_DOGE/January/2026-01-27_steps_5s.parquet,2026-01-27_steps_5s.parquet,5373,12000000.0,4320
DOGE,doge_q1p2e+07,/Users/jackfletcher/Desktop/FYP_Data/Replay_5s_DOGE/January/2026-01-27_steps_5s.parquet,2026-01-27_steps_5s.parquet,1580,12000000.0,4320
DOGE,doge_q1p2e+07,/Users/jackfletcher/Desktop/FYP_Data/Replay_5s_DOGE/January/2026-01-10_steps_5s.parquet,2026-01-10_steps_5s.parquet,1378,12000000.0,4320
DOGE,doge_q1p2e+07,/Users/jackfletcher/Desktop/FYP_Data/Replay_5s_DOGE/January/2026-01-09_steps_5s.parquet,2026-01-09_steps_5s.parquet,10394,12000000.0,4320
DOGE,doge_q1p2e+07,/Users/jackfletcher/Desktop/FYP_Data/Replay_5s_DOGE/January/2026-01-12_steps_5s.parquet,2026-01-12_steps_5s.parquet,9090,12000000.0,4320
DOGE,doge_q1p2e+07,/Users/jackfletcher/Desktop/FYP_Data/Replay_5s_DOGE/January/2026-01-11_steps_5s.parquet,2026-01-11_steps_5s.parquet,4014,12000000.0,4320
DOGE,doge_q1p2e+07,/Users/jackfletcher/Desktop/FYP_Data/Replay_5s_DOGE/January/2026-01-09_steps_5s.parquet,2026-01-09_steps_5s.parquet,10257,12000000.0,4320
DOGE,doge_q1p2e+07,/Users/jackfletcher/Desktop/FYP_Data/Replay_5s_DOGE/January/2026-01-08_steps_5s.parquet,2026-01-08_steps_5s.parquet,10024,12000000.0,4320
DOGE,doge_q1p2e+07,/Users/jackfletcher/Desktop/FYP_Data/Replay_5s_DOGE/January/2026-01-31_steps_5s.parquet,2026-01-31_steps_5s.parquet,5087,12000000.0,4320
DOGE,doge_q1p2e+07,/Users/jackfletcher/Desktop/FYP_Data/Replay_5s_DOGE/January/2026-01-10_steps_5s.parquet,2026-01-10_steps_5s.parquet,6411,12000000.0,4320
DOGE,doge_q1p2e+07,/Users/jackfletcher/Desktop/FYP_Data/Replay_5s_DOGE/January/2026-01-25_steps_5s.parquet,2026-01-25_steps_5s.parquet,10823,12000000.0,4320
DOGE,doge_q1p2e+07,/Users/jackfletcher/Desktop/FYP_Data/Replay_5s_DOGE/January/2026-01-10_steps_5s.parquet,2026-01-10_steps_5s.parquet,7484,12000000.0,4320
DOGE,doge_q1p2e+07,/Users/jackfletcher/Desktop/FYP_Data/Replay_5s_DOGE/January/2026-01-28_steps_5s.parquet,2026-01-28_steps_5s.parquet,6282,12000000.0,4320
DOGE,doge_q1p2e+07,/Users/jackfletcher/Desktop/FYP_Data/Replay_5s_DOGE/January/2026-01-09_steps_5s.parquet,2026-01-09_steps_5s.parquet,3602,12000000.0,4320
DOGE,doge_q1p2e+07,/Users/jackfletcher/Desktop/FYP_Data/Replay_5s_DOGE/January/2026-01-16_steps_5s.parquet,2026-01-16_steps_5s.parquet,7500,12000000.0,4320
DOGE,doge_q1p2e+07,/Users/jackfletcher/Desktop/FYP_Data/Replay_5s_DOGE/January/2026-01-18_steps_5s.parquet,2026-01-18_steps_5s.parquet,10745,12000000.0,4320
DOGE,doge_q1p2e+07,/Users/jackfletcher/Desktop/FYP_Data/Replay_5s_DOGE/January/2026-01-16_steps_5s.parquet,2026-01-16_steps_5s.parquet,3534,12000000.0,4320
DOGE,doge_q1p2e+07,/Users/jackfletcher/Desktop/FYP_Data/Replay_5s_DOGE/January/2026-01-27_steps_5s.parquet,2026-01-27_steps_5s.parquet,9263,12000000.0,4320
DOGE,doge_q1p2e+07,/Users/jackfletcher/Desktop/FYP_Data/Replay_5s_DOGE/January/2026-01-10_steps_5s.parquet,2026-01-10_steps_5s.parquet,5886,12000000.0,4320
DOGE,doge_q1p2e+07,/Users/jackfletcher/Desktop/FYP_Data/Replay_5s_DOGE/January/2026-01-18_steps_5s.parquet,2026-01-18_steps_5s.parquet,116,12000000.0,4320
DOGE,doge_q1p2e+07,/Users/jackfletcher/Desktop/FYP_Data/Replay_5s_DOGE/January/2026-01-11_steps_5s.parquet,2026-01-11_steps_5s.parquet,11887,12000000.0,4320
DOGE,doge_q1p2e+07,/Users/jackfletcher/Desktop/FYP_Data/Replay_5s_DOGE/January/2026-01-22_steps_5s.parquet,2026-01-22_steps_5s.parquet,4421,12000000.0,4320
DOGE,doge_q1p2e+07,/Users/jackfletcher/Desktop/FYP_Data/Replay_5s_DOGE/January/2026-01-27_steps_5s.parquet,2026-01-27_steps_5s.parquet,1769,12000000.0,4320
DOGE,doge_q1p2e+07,/Users/jackfletcher/Desktop/FYP_Data/Replay_5s_DOGE/January/2026-01-08_steps_5s.parquet,2026-01-08_steps_5s.parquet,3456,12000000.0,4320
DOGE,doge_q1p2e+07,/Users/jackfletcher/Desktop/FYP_Data/Replay_5s_DOGE/January/2026-01-25_steps_5s.parquet,2026-01-25_steps_5s.parquet,5179,12000000.0,4320
DOGE,doge_q1p2e+07,/Users/jackfletcher/Desktop/FYP_Data/Replay_5s_DOGE/January/2026-01-23_steps_5s.parquet,2026-01-23_steps_5s.parquet,648,12000000.0,4320
