run_name,best_val_is_bps,ckpt,csv,batch_size_chunks,chunk_len,clip_eps,ent_coef,gamma,horizon_steps,lam,lr,max_child_qty,patience,pov_cap,ppo_epochs,rollout_episodes,seed,side,taker_fee_rate,target_qty,val_seed
BTC_S2B3_lr0.001_clip0.2_ent0.005_ep8_bs16_cl32_gamma0.99_lam0.9_seed2,0.020794515203254153,checkpoints/BTC/BTC_S2B3_lr0.001_clip0.2_ent0.005_ep8_bs16_cl32_gamma0.99_lam0.9_seed2/best.weights.h5,logs/BTC/BTC_S2B3_lr0.001_clip0.2_ent0.005_ep8_bs16_cl32_gamma0.99_lam0.9_seed2.csv,16,32,0.2,0.005,0.99,4320,0.9,0.001,0.25,20,0.05,8,16,2,buy,0.0,50.0,999
BTC_S2B1_lr0.001_clip0.2_ent0.01_ep8_bs16_cl32_gamma0.99_lam0.95_seed2,0.02079559243893176,checkpoints/BTC/BTC_S2B1_lr0.001_clip0.2_ent0.01_ep8_bs16_cl32_gamma0.99_lam0.95_seed2/best.weights.h5,logs/BTC/BTC_S2B1_lr0.001_clip0.2_ent0.01_ep8_bs16_cl32_gamma0.99_lam0.95_seed2.csv,16,32,0.2,0.01,0.99,4320,0.95,0.001,0.25,20,0.05,8,16,2,buy,0.0,50.0,999
BTC_S2B1_lr0.001_clip0.2_ent0.01_ep8_bs16_cl32_gamma0.999_lam0.95_seed2,0.020823433835379525,checkpoints/BTC/BTC_S2B1_lr0.001_clip0.2_ent0.01_ep8_bs16_cl32_gamma0.999_lam0.95_seed2/best.weights.h5,logs/BTC/BTC_S2B1_lr0.001_clip0.2_ent0.01_ep8_bs16_cl32_gamma0.999_lam0.95_seed2.csv,16,32,0.2,0.01,0.999,4320,0.95,0.001,0.25,20,0.05,8,16,2,buy,0.0,50.0,999
BTC_S2B3_lr0.001_clip0.2_ent0.005_ep8_bs16_cl32_gamma0.995_lam0.9_seed2,0.020829402125501106,checkpoints/BTC/BTC_S2B3_lr0.001_clip0.2_ent0.005_ep8_bs16_cl32_gamma0.995_lam0.9_seed2/best.weights.h5,logs/BTC/BTC_S2B3_lr0.001_clip0.2_ent0.005_ep8_bs16_cl32_gamma0.995_lam0.9_seed2.csv,16,32,0.2,0.005,0.995,4320,0.9,0.001,0.25,20,0.05,8,16,2,buy,0.0,50.0,999
BTC_S2B1_lr0.001_clip0.2_ent0.01_ep8_bs16_cl32_gamma0.995_lam0.95_seed2,0.020829723922664734,checkpoints/BTC/BTC_S2B1_lr0.001_clip0.2_ent0.01_ep8_bs16_cl32_gamma0.995_lam0.95_seed2/best.weights.h5,logs/BTC/BTC_S2B1_lr0.001_clip0.2_ent0.01_ep8_bs16_cl32_gamma0.995_lam0.95_seed2.csv,16,32,0.2,0.01,0.995,4320,0.95,0.001,0.25,20,0.05,8,16,2,buy,0.0,50.0,999
BTC_S2B2_lr0.001_clip0.1_ent0.01_ep8_bs16_cl32_gamma0.99_lam0.9_seed2,0.020833991487961327,checkpoints/BTC/BTC_S2B2_lr0.001_clip0.1_ent0.01_ep8_bs16_cl32_gamma0.99_lam0.9_seed2/best.weights.h5,logs/BTC/BTC_S2B2_lr0.001_clip0.1_ent0.01_ep8_bs16_cl32_gamma0.99_lam0.9_seed2.csv,16,32,0.1,0.01,0.99,4320,0.9,0.001,0.25,20,0.05,8,16,2,buy,0.0,50.0,999
BTC_S2B2_lr0.001_clip0.1_ent0.01_ep8_bs16_cl32_gamma0.995_lam0.9_seed2,0.020834032754992668,checkpoints/BTC/BTC_S2B2_lr0.001_clip0.1_ent0.01_ep8_bs16_cl32_gamma0.995_lam0.9_seed2/best.weights.h5,logs/BTC/BTC_S2B2_lr0.001_clip0.1_ent0.01_ep8_bs16_cl32_gamma0.995_lam0.9_seed2.csv,16,32,0.1,0.01,0.995,4320,0.9,0.001,0.25,20,0.05,8,16,2,buy,0.0,50.0,999
BTC_S2B2_lr0.001_clip0.1_ent0.01_ep8_bs16_cl32_gamma0.999_lam0.95_seed2,0.020835531807470123,checkpoints/BTC/BTC_S2B2_lr0.001_clip0.1_ent0.01_ep8_bs16_cl32_gamma0.999_lam0.95_seed2/best.weights.h5,logs/BTC/BTC_S2B2_lr0.001_clip0.1_ent0.01_ep8_bs16_cl32_gamma0.999_lam0.95_seed2.csv,16,32,0.1,0.01,0.999,4320,0.95,0.001,0.25,20,0.05,8,16,2,buy,0.0,50.0,999
BTC_S2B3_lr0.001_clip0.2_ent0.005_ep8_bs16_cl32_gamma0.999_lam0.95_seed2,0.02084136006130525,checkpoints/BTC/BTC_S2B3_lr0.001_clip0.2_ent0.005_ep8_bs16_cl32_gamma0.999_lam0.95_seed2/best.weights.h5,logs/BTC/BTC_S2B3_lr0.001_clip0.2_ent0.005_ep8_bs16_cl32_gamma0.999_lam0.95_seed2.csv,16,32,0.2,0.005,0.999,4320,0.95,0.001,0.25,20,0.05,8,16,2,buy,0.0,50.0,999
BTC_S2B3_lr0.001_clip0.2_ent0.005_ep8_bs16_cl32_gamma0.99_lam0.95_seed2,0.02084385190675269,checkpoints/BTC/BTC_S2B3_lr0.001_clip0.2_ent0.005_ep8_bs16_cl32_gamma0.99_lam0.95_seed2/best.weights.h5,logs/BTC/BTC_S2B3_lr0.001_clip0.2_ent0.005_ep8_bs16_cl32_gamma0.99_lam0.95_seed2.csv,16,32,0.2,0.005,0.99,4320,0.95,0.001,0.25,20,0.05,8,16,2,buy,0.0,50.0,999
BTC_S2B2_lr0.001_clip0.1_ent0.01_ep8_bs16_cl32_gamma0.995_lam0.95_seed2,0.02084426553311254,checkpoints/BTC/BTC_S2B2_lr0.001_clip0.1_ent0.01_ep8_bs16_cl32_gamma0.995_lam0.95_seed2/best.weights.h5,logs/BTC/BTC_S2B2_lr0.001_clip0.1_ent0.01_ep8_bs16_cl32_gamma0.995_lam0.95_seed2.csv,16,32,0.1,0.01,0.995,4320,0.95,0.001,0.25,20,0.05,8,16,2,buy,0.0,50.0,999
BTC_S2B3_lr0.001_clip0.2_ent0.005_ep8_bs16_cl32_gamma0.999_lam0.9_seed1,0.020848762745408957,checkpoints/BTC/BTC_S2B3_lr0.001_clip0.2_ent0.005_ep8_bs16_cl32_gamma0.999_lam0.9_seed1/best.weights.h5,logs/BTC/BTC_S2B3_lr0.001_clip0.2_ent0.005_ep8_bs16_cl32_gamma0.999_lam0.9_seed1.csv,16,32,0.2,0.005,0.999,4320,0.9,0.001,0.25,20,0.05,8,16,1,buy,0.0,50.0,999
BTC_S2B2_lr0.001_clip0.1_ent0.01_ep8_bs16_cl32_gamma0.99_lam0.95_seed2,0.020850982971055355,checkpoints/BTC/BTC_S2B2_lr0.001_clip0.1_ent0.01_ep8_bs16_cl32_gamma0.99_lam0.95_seed2/best.weights.h5,logs/BTC/BTC_S2B2_lr0.001_clip0.1_ent0.01_ep8_bs16_cl32_gamma0.99_lam0.95_seed2.csv,16,32,0.1,0.01,0.99,4320,0.95,0.001,0.25,20,0.05,8,16,2,buy,0.0,50.0,999
BTC_S2B2_lr0.001_clip0.1_ent0.01_ep8_bs16_cl32_gamma0.999_lam0.9_seed2,0.02085229660698431,checkpoints/BTC/BTC_S2B2_lr0.001_clip0.1_ent0.01_ep8_bs16_cl32_gamma0.999_lam0.9_seed2/best.weights.h5,logs/BTC/BTC_S2B2_lr0.001_clip0.1_ent0.01_ep8_bs16_cl32_gamma0.999_lam0.9_seed2.csv,16,32,0.1,0.01,0.999,4320,0.9,0.001,0.25,20,0.05,8,16,2,buy,0.0,50.0,999
BTC_S2B3_lr0.001_clip0.2_ent0.005_ep8_bs16_cl32_gamma0.995_lam0.95_seed2,0.020853532828482832,checkpoints/BTC/BTC_S2B3_lr0.001_clip0.2_ent0.005_ep8_bs16_cl32_gamma0.995_lam0.95_seed2/best.weights.h5,logs/BTC/BTC_S2B3_lr0.001_clip0.2_ent0.005_ep8_bs16_cl32_gamma0.995_lam0.95_seed2.csv,16,32,0.2,0.005,0.995,4320,0.95,0.001,0.25,20,0.05,8,16,2,buy,0.0,50.0,999
BTC_S2B3_lr0.001_clip0.2_ent0.005_ep8_bs16_cl32_gamma0.995_lam0.9_seed1,0.020858496368312954,checkpoints/BTC/BTC_S2B3_lr0.001_clip0.2_ent0.005_ep8_bs16_cl32_gamma0.995_lam0.9_seed1/best.weights.h5,logs/BTC/BTC_S2B3_lr0.001_clip0.2_ent0.005_ep8_bs16_cl32_gamma0.995_lam0.9_seed1.csv,16,32,0.2,0.005,0.995,4320,0.9,0.001,0.25,20,0.05,8,16,1,buy,0.0,50.0,999
BTC_S2B1_lr0.001_clip0.2_ent0.01_ep8_bs16_cl32_gamma0.999_lam0.9_seed2,0.02085958495585927,checkpoints/BTC/BTC_S2B1_lr0.001_clip0.2_ent0.01_ep8_bs16_cl32_gamma0.999_lam0.9_seed2/best.weights.h5,logs/BTC/BTC_S2B1_lr0.001_clip0.2_ent0.01_ep8_bs16_cl32_gamma0.999_lam0.9_seed2.csv,16,32,0.2,0.01,0.999,4320,0.9,0.001,0.25,20,0.05,8,16,2,buy,0.0,50.0,999
BTC_S2B1_lr0.001_clip0.2_ent0.01_ep8_bs16_cl32_gamma0.99_lam0.9_seed2,0.020860584761741668,checkpoints/BTC/BTC_S2B1_lr0.001_clip0.2_ent0.01_ep8_bs16_cl32_gamma0.99_lam0.9_seed2/best.weights.h5,logs/BTC/BTC_S2B1_lr0.001_clip0.2_ent0.01_ep8_bs16_cl32_gamma0.99_lam0.9_seed2.csv,16,32,0.2,0.01,0.99,4320,0.9,0.001,0.25,20,0.05,8,16,2,buy,0.0,50.0,999
BTC_S2B2_lr0.001_clip0.1_ent0.01_ep8_bs16_cl32_gamma0.999_lam0.95_seed1,0.020861830157508005,checkpoints/BTC/BTC_S2B2_lr0.001_clip0.1_ent0.01_ep8_bs16_cl32_gamma0.999_lam0.95_seed1/best.weights.h5,logs/BTC/BTC_S2B2_lr0.001_clip0.1_ent0.01_ep8_bs16_cl32_gamma0.999_lam0.95_seed1.csv,16,32,0.1,0.01,0.999,4320,0.95,0.001,0.25,20,0.05,8,16,1,buy,0.0,50.0,999
BTC_S2B3_lr0.001_clip0.2_ent0.005_ep8_bs16_cl32_gamma0.999_lam0.9_seed2,0.02086184592758557,checkpoints/BTC/BTC_S2B3_lr0.001_clip0.2_ent0.005_ep8_bs16_cl32_gamma0.999_lam0.9_seed2/best.weights.h5,logs/BTC/BTC_S2B3_lr0.001_clip0.2_ent0.005_ep8_bs16_cl32_gamma0.999_lam0.9_seed2.csv,16,32,0.2,0.005,0.999,4320,0.9,0.001,0.25,20,0.05,8,16,2,buy,0.0,50.0,999
BTC_S2B1_lr0.001_clip0.2_ent0.01_ep8_bs16_cl32_gamma0.995_lam0.9_seed2,0.020863512114872737,checkpoints/BTC/BTC_S2B1_lr0.001_clip0.2_ent0.01_ep8_bs16_cl32_gamma0.995_lam0.9_seed2/best.weights.h5,logs/BTC/BTC_S2B1_lr0.001_clip0.2_ent0.01_ep8_bs16_cl32_gamma0.995_lam0.9_seed2.csv,16,32,0.2,0.01,0.995,4320,0.9,0.001,0.25,20,0.05,8,16,2,buy,0.0,50.0,999
BTC_S2B2_lr0.001_clip0.1_ent0.01_ep8_bs16_cl32_gamma0.995_lam0.9_seed1,0.020864849921715747,checkpoints/BTC/BTC_S2B2_lr0.001_clip0.1_ent0.01_ep8_bs16_cl32_gamma0.995_lam0.9_seed1/best.weights.h5,logs/BTC/BTC_S2B2_lr0.001_clip0.1_ent0.01_ep8_bs16_cl32_gamma0.995_lam0.9_seed1.csv,16,32,0.1,0.01,0.995,4320,0.9,0.001,0.25,20,0.05,8,16,1,buy,0.0,50.0,999
BTC_S2B1_lr0.001_clip0.2_ent0.01_ep8_bs16_cl32_gamma0.999_lam0.9_seed1,0.020866496525809863,checkpoints/BTC/BTC_S2B1_lr0.001_clip0.2_ent0.01_ep8_bs16_cl32_gamma0.999_lam0.9_seed1/best.weights.h5,logs/BTC/BTC_S2B1_lr0.001_clip0.2_ent0.01_ep8_bs16_cl32_gamma0.999_lam0.9_seed1.csv,16,32,0.2,0.01,0.999,4320,0.9,0.001,0.25,20,0.05,8,16,1,buy,0.0,50.0,999
BTC_S2B3_lr0.001_clip0.2_ent0.005_ep8_bs16_cl32_gamma0.995_lam0.95_seed1,0.020869660765703072,checkpoints/BTC/BTC_S2B3_lr0.001_clip0.2_ent0.005_ep8_bs16_cl32_gamma0.995_lam0.95_seed1/best.weights.h5,logs/BTC/BTC_S2B3_lr0.001_clip0.2_ent0.005_ep8_bs16_cl32_gamma0.995_lam0.95_seed1.csv,16,32,0.2,0.005,0.995,4320,0.95,0.001,0.25,20,0.05,8,16,1,buy,0.0,50.0,999
BTC_S2B3_lr0.001_clip0.2_ent0.005_ep8_bs16_cl32_gamma0.999_lam0.95_seed1,0.020870724427176704,checkpoints/BTC/BTC_S2B3_lr0.001_clip0.2_ent0.005_ep8_bs16_cl32_gamma0.999_lam0.95_seed1/best.weights.h5,logs/BTC/BTC_S2B3_lr0.001_clip0.2_ent0.005_ep8_bs16_cl32_gamma0.999_lam0.95_seed1.csv,16,32,0.2,0.005,0.999,4320,0.95,0.001,0.25,20,0.05,8,16,1,buy,0.0,50.0,999
BTC_S2B2_lr0.001_clip0.1_ent0.01_ep8_bs16_cl32_gamma0.999_lam0.9_seed1,0.02087428378317977,checkpoints/BTC/BTC_S2B2_lr0.001_clip0.1_ent0.01_ep8_bs16_cl32_gamma0.999_lam0.9_seed1/best.weights.h5,logs/BTC/BTC_S2B2_lr0.001_clip0.1_ent0.01_ep8_bs16_cl32_gamma0.999_lam0.9_seed1.csv,16,32,0.1,0.01,0.999,4320,0.9,0.001,0.25,20,0.05,8,16,1,buy,0.0,50.0,999
BTC_S2B1_lr0.001_clip0.2_ent0.01_ep8_bs16_cl32_gamma0.995_lam0.95_seed1,0.020875702381866156,checkpoints/BTC/BTC_S2B1_lr0.001_clip0.2_ent0.01_ep8_bs16_cl32_gamma0.995_lam0.95_seed1/best.weights.h5,logs/BTC/BTC_S2B1_lr0.001_clip0.2_ent0.01_ep8_bs16_cl32_gamma0.995_lam0.95_seed1.csv,16,32,0.2,0.01,0.995,4320,0.95,0.001,0.25,20,0.05,8,16,1,buy,0.0,50.0,999
BTC_S2B2_lr0.001_clip0.1_ent0.01_ep8_bs16_cl32_gamma0.99_lam0.9_seed1,0.02087687732222027,checkpoints/BTC/BTC_S2B2_lr0.001_clip0.1_ent0.01_ep8_bs16_cl32_gamma0.99_lam0.9_seed1/best.weights.h5,logs/BTC/BTC_S2B2_lr0.001_clip0.1_ent0.01_ep8_bs16_cl32_gamma0.99_lam0.9_seed1.csv,16,32,0.1,0.01,0.99,4320,0.9,0.001,0.25,20,0.05,8,16,1,buy,0.0,50.0,999
BTC_S2B1_lr0.001_clip0.2_ent0.01_ep8_bs16_cl32_gamma0.99_lam0.9_seed1,0.020878019976149007,checkpoints/BTC/BTC_S2B1_lr0.001_clip0.2_ent0.01_ep8_bs16_cl32_gamma0.99_lam0.9_seed1/best.weights.h5,logs/BTC/BTC_S2B1_lr0.001_clip0.2_ent0.01_ep8_bs16_cl32_gamma0.99_lam0.9_seed1.csv,16,32,0.2,0.01,0.99,4320,0.9,0.001,0.25,20,0.05,8,16,1,buy,0.0,50.0,999
BTC_S2B2_lr0.001_clip0.1_ent0.01_ep8_bs16_cl32_gamma0.99_lam0.95_seed1,0.02087854360248822,checkpoints/BTC/BTC_S2B2_lr0.001_clip0.1_ent0.01_ep8_bs16_cl32_gamma0.99_lam0.95_seed1/best.weights.h5,logs/BTC/BTC_S2B2_lr0.001_clip0.1_ent0.01_ep8_bs16_cl32_gamma0.99_lam0.95_seed1.csv,16,32,0.1,0.01,0.99,4320,0.95,0.001,0.25,20,0.05,8,16,1,buy,0.0,50.0,999
BTC_S2B3_lr0.001_clip0.2_ent0.005_ep8_bs16_cl32_gamma0.99_lam0.95_seed3,0.02087947777028002,checkpoints/BTC/BTC_S2B3_lr0.001_clip0.2_ent0.005_ep8_bs16_cl32_gamma0.99_lam0.95_seed3/best.weights.h5,logs/BTC/BTC_S2B3_lr0.001_clip0.2_ent0.005_ep8_bs16_cl32_gamma0.99_lam0.95_seed3.csv,16,32,0.2,0.005,0.99,4320,0.95,0.001,0.25,20,0.05,8,16,3,buy,0.0,50.0,999
BTC_S2B1_lr0.001_clip0.2_ent0.01_ep8_bs16_cl32_gamma0.999_lam0.95_seed1,0.020880992269275714,checkpoints/BTC/BTC_S2B1_lr0.001_clip0.2_ent0.01_ep8_bs16_cl32_gamma0.999_lam0.95_seed1/best.weights.h5,logs/BTC/BTC_S2B1_lr0.001_clip0.2_ent0.01_ep8_bs16_cl32_gamma0.999_lam0.95_seed1.csv,16,32,0.2,0.01,0.999,4320,0.95,0.001,0.25,20,0.05,8,16,1,buy,0.0,50.0,999
BTC_S2B1_lr0.001_clip0.2_ent0.01_ep8_bs16_cl32_gamma0.995_lam0.95_seed3,0.020881300308198222,checkpoints/BTC/BTC_S2B1_lr0.001_clip0.2_ent0.01_ep8_bs16_cl32_gamma0.995_lam0.95_seed3/best.weights.h5,logs/BTC/BTC_S2B1_lr0.001_clip0.2_ent0.01_ep8_bs16_cl32_gamma0.995_lam0.95_seed3.csv,16,32,0.2,0.01,0.995,4320,0.95,0.001,0.25,20,0.05,8,16,3,buy,0.0,50.0,999
BTC_S2B1_lr0.001_clip0.2_ent0.01_ep8_bs16_cl32_gamma0.99_lam0.95_seed1,0.020882027609755244,checkpoints/BTC/BTC_S2B1_lr0.001_clip0.2_ent0.01_ep8_bs16_cl32_gamma0.99_lam0.95_seed1/best.weights.h5,logs/BTC/BTC_S2B1_lr0.001_clip0.2_ent0.01_ep8_bs16_cl32_gamma0.99_lam0.95_seed1.csv,16,32,0.2,0.01,0.99,4320,0.95,0.001,0.25,20,0.05,8,16,1,buy,0.0,50.0,999
BTC_S2B1_lr0.001_clip0.2_ent0.01_ep8_bs16_cl32_gamma0.99_lam0.9_seed3,0.020884256608568894,checkpoints/BTC/BTC_S2B1_lr0.001_clip0.2_ent0.01_ep8_bs16_cl32_gamma0.99_lam0.9_seed3/best.weights.h5,logs/BTC/BTC_S2B1_lr0.001_clip0.2_ent0.01_ep8_bs16_cl32_gamma0.99_lam0.9_seed3.csv,16,32,0.2,0.01,0.99,4320,0.9,0.001,0.25,20,0.05,8,16,3,buy,0.0,50.0,999
BTC_S2B1_lr0.001_clip0.2_ent0.01_ep8_bs16_cl32_gamma0.995_lam0.9_seed1,0.02088511623538821,checkpoints/BTC/BTC_S2B1_lr0.001_clip0.2_ent0.01_ep8_bs16_cl32_gamma0.995_lam0.9_seed1/best.weights.h5,logs/BTC/BTC_S2B1_lr0.001_clip0.2_ent0.01_ep8_bs16_cl32_gamma0.995_lam0.9_seed1.csv,16,32,0.2,0.01,0.995,4320,0.9,0.001,0.25,20,0.05,8,16,1,buy,0.0,50.0,999
BTC_S2B2_lr0.001_clip0.1_ent0.01_ep8_bs16_cl32_gamma0.999_lam0.95_seed3,0.02088542115692417,checkpoints/BTC/BTC_S2B2_lr0.001_clip0.1_ent0.01_ep8_bs16_cl32_gamma0.999_lam0.95_seed3/best.weights.h5,logs/BTC/BTC_S2B2_lr0.001_clip0.1_ent0.01_ep8_bs16_cl32_gamma0.999_lam0.95_seed3.csv,16,32,0.1,0.01,0.999,4320,0.95,0.001,0.25,20,0.05,8,16,3,buy,0.0,50.0,999
BTC_S2B1_lr0.001_clip0.2_ent0.01_ep8_bs16_cl32_gamma0.999_lam0.95_seed3,0.020885615439537465,checkpoints/BTC/BTC_S2B1_lr0.001_clip0.2_ent0.01_ep8_bs16_cl32_gamma0.999_lam0.95_seed3/best.weights.h5,logs/BTC/BTC_S2B1_lr0.001_clip0.2_ent0.01_ep8_bs16_cl32_gamma0.999_lam0.95_seed3.csv,16,32,0.2,0.01,0.999,4320,0.95,0.001,0.25,20,0.05,8,16,3,buy,0.0,50.0,999
BTC_S2B2_lr0.001_clip0.1_ent0.01_ep8_bs16_cl32_gamma0.99_lam0.9_seed3,0.02088620205611258,checkpoints/BTC/BTC_S2B2_lr0.001_clip0.1_ent0.01_ep8_bs16_cl32_gamma0.99_lam0.9_seed3/best.weights.h5,logs/BTC/BTC_S2B2_lr0.001_clip0.1_ent0.01_ep8_bs16_cl32_gamma0.99_lam0.9_seed3.csv,16,32,0.1,0.01,0.99,4320,0.9,0.001,0.25,20,0.05,8,16,3,buy,0.0,50.0,999
BTC_S2B3_lr0.001_clip0.2_ent0.005_ep8_bs16_cl32_gamma0.99_lam0.95_seed1,0.020886261469178925,checkpoints/BTC/BTC_S2B3_lr0.001_clip0.2_ent0.005_ep8_bs16_cl32_gamma0.99_lam0.95_seed1/best.weights.h5,logs/BTC/BTC_S2B3_lr0.001_clip0.2_ent0.005_ep8_bs16_cl32_gamma0.99_lam0.95_seed1.csv,16,32,0.2,0.005,0.99,4320,0.95,0.001,0.25,20,0.05,8,16,1,buy,0.0,50.0,999
BTC_S2B2_lr0.001_clip0.1_ent0.01_ep8_bs16_cl32_gamma0.99_lam0.95_seed3,0.020886687190190597,checkpoints/BTC/BTC_S2B2_lr0.001_clip0.1_ent0.01_ep8_bs16_cl32_gamma0.99_lam0.95_seed3/best.weights.h5,logs/BTC/BTC_S2B2_lr0.001_clip0.1_ent0.01_ep8_bs16_cl32_gamma0.99_lam0.95_seed3.csv,16,32,0.1,0.01,0.99,4320,0.95,0.001,0.25,20,0.05,8,16,3,buy,0.0,50.0,999
BTC_S2B2_lr0.001_clip0.1_ent0.01_ep8_bs16_cl32_gamma0.995_lam0.95_seed1,0.02088767264998441,checkpoints/BTC/BTC_S2B2_lr0.001_clip0.1_ent0.01_ep8_bs16_cl32_gamma0.995_lam0.95_seed1/best.weights.h5,logs/BTC/BTC_S2B2_lr0.001_clip0.1_ent0.01_ep8_bs16_cl32_gamma0.995_lam0.95_seed1.csv,16,32,0.1,0.01,0.995,4320,0.95,0.001,0.25,20,0.05,8,16,1,buy,0.0,50.0,999
BTC_S2B3_lr0.001_clip0.2_ent0.005_ep8_bs16_cl32_gamma0.99_lam0.9_seed3,0.02088773542068874,checkpoints/BTC/BTC_S2B3_lr0.001_clip0.2_ent0.005_ep8_bs16_cl32_gamma0.99_lam0.9_seed3/best.weights.h5,logs/BTC/BTC_S2B3_lr0.001_clip0.2_ent0.005_ep8_bs16_cl32_gamma0.99_lam0.9_seed3.csv,16,32,0.2,0.005,0.99,4320,0.9,0.001,0.25,20,0.05,8,16,3,buy,0.0,50.0,999
BTC_S2B1_lr0.001_clip0.2_ent0.01_ep8_bs16_cl32_gamma0.99_lam0.95_seed3,0.02088865350654541,checkpoints/BTC/BTC_S2B1_lr0.001_clip0.2_ent0.01_ep8_bs16_cl32_gamma0.99_lam0.95_seed3/best.weights.h5,logs/BTC/BTC_S2B1_lr0.001_clip0.2_ent0.01_ep8_bs16_cl32_gamma0.99_lam0.95_seed3.csv,16,32,0.2,0.01,0.99,4320,0.95,0.001,0.25,20,0.05,8,16,3,buy,0.0,50.0,999
BTC_S2B2_lr0.001_clip0.1_ent0.01_ep8_bs16_cl32_gamma0.995_lam0.95_seed3,0.020888824213206175,checkpoints/BTC/BTC_S2B2_lr0.001_clip0.1_ent0.01_ep8_bs16_cl32_gamma0.995_lam0.95_seed3/best.weights.h5,logs/BTC/BTC_S2B2_lr0.001_clip0.1_ent0.01_ep8_bs16_cl32_gamma0.995_lam0.95_seed3.csv,16,32,0.1,0.01,0.995,4320,0.95,0.001,0.25,20,0.05,8,16,3,buy,0.0,50.0,999
BTC_S2B3_lr0.001_clip0.2_ent0.005_ep8_bs16_cl32_gamma0.999_lam0.9_seed3,0.02089132423293412,checkpoints/BTC/BTC_S2B3_lr0.001_clip0.2_ent0.005_ep8_bs16_cl32_gamma0.999_lam0.9_seed3/best.weights.h5,logs/BTC/BTC_S2B3_lr0.001_clip0.2_ent0.005_ep8_bs16_cl32_gamma0.999_lam0.9_seed3.csv,16,32,0.2,0.005,0.999,4320,0.9,0.001,0.25,20,0.05,8,16,3,buy,0.0,50.0,999
BTC_S2B3_lr0.001_clip0.2_ent0.005_ep8_bs16_cl32_gamma0.99_lam0.9_seed1,0.020891330223890333,checkpoints/BTC/BTC_S2B3_lr0.001_clip0.2_ent0.005_ep8_bs16_cl32_gamma0.99_lam0.9_seed1/best.weights.h5,logs/BTC/BTC_S2B3_lr0.001_clip0.2_ent0.005_ep8_bs16_cl32_gamma0.99_lam0.9_seed1.csv,16,32,0.2,0.005,0.99,4320,0.9,0.001,0.25,20,0.05,8,16,1,buy,0.0,50.0,999
BTC_S2B3_lr0.001_clip0.2_ent0.005_ep8_bs16_cl32_gamma0.999_lam0.95_seed3,0.020892840583059968,checkpoints/BTC/BTC_S2B3_lr0.001_clip0.2_ent0.005_ep8_bs16_cl32_gamma0.999_lam0.95_seed3/best.weights.h5,logs/BTC/BTC_S2B3_lr0.001_clip0.2_ent0.005_ep8_bs16_cl32_gamma0.999_lam0.95_seed3.csv,16,32,0.2,0.005,0.999,4320,0.95,0.001,0.25,20,0.05,8,16,3,buy,0.0,50.0,999
BTC_S2B2_lr0.001_clip0.1_ent0.01_ep8_bs16_cl32_gamma0.995_lam0.9_seed3,0.020893235685208785,checkpoints/BTC/BTC_S2B2_lr0.001_clip0.1_ent0.01_ep8_bs16_cl32_gamma0.995_lam0.9_seed3/best.weights.h5,logs/BTC/BTC_S2B2_lr0.001_clip0.1_ent0.01_ep8_bs16_cl32_gamma0.995_lam0.9_seed3.csv,16,32,0.1,0.01,0.995,4320,0.9,0.001,0.25,20,0.05,8,16,3,buy,0.0,50.0,999
BTC_S2B3_lr0.001_clip0.2_ent0.005_ep8_bs16_cl32_gamma0.995_lam0.9_seed3,0.020893605244622745,checkpoints/BTC/BTC_S2B3_lr0.001_clip0.2_ent0.005_ep8_bs16_cl32_gamma0.995_lam0.9_seed3/best.weights.h5,logs/BTC/BTC_S2B3_lr0.001_clip0.2_ent0.005_ep8_bs16_cl32_gamma0.995_lam0.9_seed3.csv,16,32,0.2,0.005,0.995,4320,0.9,0.001,0.25,20,0.05,8,16,3,buy,0.0,50.0,999
BTC_S2B3_lr0.001_clip0.2_ent0.005_ep8_bs16_cl32_gamma0.995_lam0.95_seed3,0.02089407488041527,checkpoints/BTC/BTC_S2B3_lr0.001_clip0.2_ent0.005_ep8_bs16_cl32_gamma0.995_lam0.95_seed3/best.weights.h5,logs/BTC/BTC_S2B3_lr0.001_clip0.2_ent0.005_ep8_bs16_cl32_gamma0.995_lam0.95_seed3.csv,16,32,0.2,0.005,0.995,4320,0.95,0.001,0.25,20,0.05,8,16,3,buy,0.0,50.0,999
BTC_S2B2_lr0.001_clip0.1_ent0.01_ep8_bs16_cl32_gamma0.999_lam0.9_seed3,0.020897383580506225,checkpoints/BTC/BTC_S2B2_lr0.001_clip0.1_ent0.01_ep8_bs16_cl32_gamma0.999_lam0.9_seed3/best.weights.h5,logs/BTC/BTC_S2B2_lr0.001_clip0.1_ent0.01_ep8_bs16_cl32_gamma0.999_lam0.9_seed3.csv,16,32,0.1,0.01,0.999,4320,0.9,0.001,0.25,20,0.05,8,16,3,buy,0.0,50.0,999
BTC_S2B1_lr0.001_clip0.2_ent0.01_ep8_bs16_cl32_gamma0.995_lam0.9_seed3,0.020898068799262842,checkpoints/BTC/BTC_S2B1_lr0.001_clip0.2_ent0.01_ep8_bs16_cl32_gamma0.995_lam0.9_seed3/best.weights.h5,logs/BTC/BTC_S2B1_lr0.001_clip0.2_ent0.01_ep8_bs16_cl32_gamma0.995_lam0.9_seed3.csv,16,32,0.2,0.01,0.995,4320,0.9,0.001,0.25,20,0.05,8,16,3,buy,0.0,50.0,999
BTC_S2B1_lr0.001_clip0.2_ent0.01_ep8_bs16_cl32_gamma0.999_lam0.9_seed3,0.020899657084764347,checkpoints/BTC/BTC_S2B1_lr0.001_clip0.2_ent0.01_ep8_bs16_cl32_gamma0.999_lam0.9_seed3/best.weights.h5,logs/BTC/BTC_S2B1_lr0.001_clip0.2_ent0.01_ep8_bs16_cl32_gamma0.999_lam0.9_seed3.csv,16,32,0.2,0.01,0.999,4320,0.9,0.001,0.25,20,0.05,8,16,3,buy,0.0,50.0,999
